period,party,label_l2,label_l3,meeting_count,mention_count
2017-Q3,국민의당,재난·안전,안전및재난,1,52
2017-Q3,국민의당,정부혁신·행정지원,정부혁신,2,87
2017-Q3,국민의당,지방재정·기타,지방재정,3,88
2017-Q3,더불어민주당,재난·안전,안전및재난,2,86
2017-Q3,더불어민주당,정부혁신·행정지원,정부의전,1,12
2017-Q3,더불어민주당,정부혁신·행정지원,정부혁신,1,198
2017-Q3,더불어민주당,지방재정·기타,지방재정,2,199
2017-Q3,미분류,재난·안전,안전및재난,2,315
2017-Q3,미분류,정부혁신·행정지원,정부의전,1,23
2017-Q3,미분류,정부혁신·행정지원,정부혁신,3,367
2017-Q3,미분류,정부혁신·행정지원,조직관리,1,10
2017-Q3,미분류,지방재정·기타,지방재정,3,376
2017-Q3,미분류,지방행정,지역균형발전,1,10
2017-Q3,새누리당,재난·안전,안전및재난,1,94
2017-Q3,새누리당,정부혁신·행정지원,정부혁신,3,249
2017-Q3,새누리당,정부혁신·행정지원,조직관리,1,1
2017-Q3,새누리당,지방재정·기타,지방재정,3,249
2017-Q3,새누리당,지방행정,지역균형발전,1,1
2017-Q4,국민의당,재난·안전,안전및재난,2,87
2017-Q4,국민의당,정부혁신·행정지원,정부의전,2,93
2017-Q4,국민의당,정부혁신·행정지원,정부혁신,3,344
2017-Q4,국민의당,지방재정·기타,지방세,2,350
2017-Q4,국민의당,지방재정·기타,지방재정,2,179
2017-Q4,국민의당,지방행정,지방행정,2,82
2017-Q4,더불어민주당,재난·안전,안전및재난,2,811
2017-Q4,더불어민주당,정부혁신·행정지원,정부의전,3,311
2017-Q4,더불어민주당,정부혁신·행정지원,정부혁신,4,1158
2017-Q4,더불어민주당,지방재정·기타,지방세,2,3212
2017-Q4,더불어민주당,지방재정·기타,지방재정,3,429
2017-Q4,더불어민주당,지방행정,지방행정,2,760
2017-Q4,미분류,재난·안전,안전및재난,2,416
2017-Q4,미분류,정부혁신·행정지원,정부의전,3,580
2017-Q4,미분류,정부혁신·행정지원,정부혁신,4,2029
2017-Q4,미분류,정부혁신·행정지원,조직관리,1,1
2017-Q4,미분류,지방재정·기타,지방세,2,1360
2017-Q4,미분류,지방재정·기타,지방재정,3,1092
2017-Q4,미분류,지방행정,지방행정,2,368
2017-Q4,새누리당,재난·안전,안전및재난,2,532
2017-Q4,새누리당,정부혁신·행정지원,정부의전,3,345
2017-Q4,새누리당,정부혁신·행정지원,정부혁신,4,1896
2017-Q4,새누리당,지방재정·기타,지방세,2,2048
2017-Q4,새누리당,지방재정·기타,지방재정,3,896
2017-Q4,새누리당,지방행정,지방행정,2,496
2018-Q1,국민의당,재난·안전,국민안전행정지원,1,7
2018-Q1,국민의당,재난·안전,안전및재난,2,93
2018-Q1,국민의당,정부혁신·행정지원,국가적중장기과제추진·지원,1,3
2018-Q1,국민의당,정부혁신·행정지원,조직관리,2,74
2018-Q1,국민의당,지방재정·기타,지방재정,2,27
2018-Q1,국민의당,지방행정,지방행정,1,31
2018-Q1,더불어민주당,인공지능·디지털 정부,전자정부,1,2
2018-Q1,더불어민주당,인공지능·디지털 정부,정보시스템통합관리,1,1
2018-Q1,더불어민주당,재난·안전,국민안전행정지원,2,42
2018-Q1,더불어민주당,재난·안전,안전및재난,4,652
2018-Q1,더불어민주당,정부혁신·행정지원,국가적중장기과제추진·지원,2,52
2018-Q1,더불어민주당,정부혁신·행정지원,조직관리,2,284
2018-Q1,더불어민주당,지방재정·기타,지방재정,3,127
2018-Q1,더불어민주당,지방행정,지방행정,2,4
2018-Q1,미분류,인공지능·디지털 정부,전자정부,1,22
2018-Q1,미분류,인공지능·디지털 정부,정보시스템통합관리,1,11
2018-Q1,미분류,재난·안전,국민안전행정지원,2,62
2018-Q1,미분류,재난·안전,안전및재난,4,767
2018-Q1,미분류,정부혁신·행정지원,국가적중장기과제추진·지원,3,180
2018-Q1,미분류,정부혁신·행정지원,조직관리,2,282
2018-Q1,미분류,지방재정·기타,지방재정,3,141
2018-Q1,미분류,지방행정,지방행정,2,49
2018-Q1,새누리당,인공지능·디지털 정부,전자정부,1,2
2018-Q1,새누리당,인공지능·디지털 정부,정보시스템통합관리,1,1
2018-Q1,새누리당,재난·안전,국민안전행정지원,2,27
2018-Q1,새누리당,재난·안전,안전및재난,4,436
2018-Q1,새누리당,정부혁신·행정지원,국가적중장기과제추진·지원,2,90
2018-Q1,새누리당,정부혁신·행정지원,조직관리,2,191
2018-Q1,새누리당,지방재정·기타,지방재정,2,76
2018-Q1,새누리당,지방행정,지방행정,1,2
2018-Q2,국민의당,재난·안전,국민안전행정지원,1,1
2018-Q2,국민의당,재난·안전,안전및재난,1,1
2018-Q2,국민의당,정부혁신·행정지원,정부혁신,1,67
2018-Q2,더불어민주당,재난·안전,국민안전행정지원,1,4
2018-Q2,더불어민주당,재난·안전,안전및재난,1,3
2018-Q2,더불어민주당,정부혁신·행정지원,정부혁신,1,129
2018-Q2,미분류,재난·안전,국민안전행정지원,1,11
2018-Q2,미분류,재난·안전,안전및재난,1,5
2018-Q2,미분류,정부혁신·행정지원,정부혁신,1,341
2018-Q2,미분류,정부혁신·행정지원,조직관리,1,1
2018-Q2,새누리당,재난·안전,국민안전행정지원,1,3
2018-Q2,새누리당,재난·안전,안전및재난,1,3
2018-Q2,새누리당,정부혁신·행정지원,정부혁신,1,163
2018-Q3,국민의당,재난·안전,국민안전행정지원,2,83
2018-Q3,국민의당,재난·안전,안전및재난,1,72
2018-Q3,국민의당,정부혁신·행정지원,정부혁신,3,55
2018-Q3,국민의당,정부혁신·행정지원,조직관리,3,134
2018-Q3,국민의당,지방재정·기타,지방재정,3,64
2018-Q3,국민의당,지방행정,지방행정,2,29
2018-Q3,국민의당,지방행정,지역균형발전,1,9
2018-Q3,더불어민주당,재난·안전,국민안전행정지원,4,525
2018-Q3,더불어민주당,재난·안전,안전및재난,2,602
2018-Q3,더불어민주당,정부혁신·행정지원,정부의전,1,3
2018-Q3,더불어민주당,정부혁신·행정지원,정부혁신,3,312
2018-Q3,더불어민주당,정부혁신·행정지원,조직관리,4,694
2018-Q3,더불어민주당,지방재정·기타,지방세,1,3
2018-Q3,더불어민주당,지방재정·기타,지방재정,3,382
2018-Q3,더불어민주당,지방행정,지방행정,3,261
2018-Q3,더불어민주당,지방행정,지역균형발전,2,76
2018-Q3,미래통합당,재난·안전,국민안전행정지원,1,34
2018-Q3,미분류,재난·안전,국민안전행정지원,1,1766
2018-Q3,미분류,재난·안전,안전및재난,1,40
2018-Q3,미분류,정부혁신·행정지원,정부혁신,3,435
2018-Q3,미분류,정부혁신·행정지원,조직관리,4,764
2018-Q3,미분류,지방재정·기타,지방재정,3,440
2018-Q3,미분류,지방행정,지방행정,2,26
2018-Q3,미분류,지방행정,지역균형발전,1,5
2018-Q3,새누리당,재난·안전,국민안전행정지원,2,387
2018-Q3,새누리당,재난·안전,안전및재난,1,280
2018-Q3,새누리당,정부혁신·행정지원,정부혁신,3,320
2018-Q3,새누리당,정부혁신·행정지원,조직관리,4,397
2018-Q3,새누리당,지방재정·기타,지방재정,3,355
2018-Q3,새누리당,지방행정,지방행정,2,125
2018-Q3,새누리당,지방행정,지역균형발전,1,35
2018-Q4,국민의당,재난·안전,안전및재난,3,1021
2018-Q4,국민의당,정부혁신·행정지원,정부의전,2,113
2018-Q4,국민의당,정부혁신·행정지원,정부혁신,2,190
2018-Q4,국민의당,지방재정·기타,지방세,4,3286
2018-Q4,국민의당,지방재정·기타,지방재정,3,153
2018-Q4,국민의당,지방행정,자치인력개발,1,10
2018-Q4,국민의당,지방행정,지방행정,1,1
2018-Q4,더불어민주당,재난·안전,국민안전행정지원,1,148
2018-Q4,더불어민주당,재난·안전,안전및재난,4,2995
2018-Q4,더불어민주당,정부혁신·행정지원,정부의전,2,343
2018-Q4,더불어민주당,정부혁신·행정지원,정부혁신,3,853
2018-Q4,더불어민주당,지방재정·기타,지방세,5,12653
2018-Q4,더불어민주당,지방재정·기타,지방재정,5,782
2018-Q4,더불어민주당,지방행정,자치인력개발,1,31
2018-Q4,더불어민주당,지방행정,지방행정,5,410
2018-Q4,미분류,재난·안전,국민안전행정지원,1,138
2018-Q4,미분류,재난·안전,안전및재난,4,1749
2018-Q4,미분류,정부혁신·행정지원,정부의전,2,421
2018-Q4,미분류,정부혁신·행정지원,정부혁신,3,695
2018-Q4,미분류,지방재정·기타,지방세,5,15218
2018-Q4,미분류,지방재정·기타,지방재정,5,705
2018-Q4,미분류,지방행정,지방행정,3,413
2018-Q4,새누리당,재난·안전,국민안전행정지원,1,74
2018-Q4,새누리당,재난·안전,안전및재난,4,1874
2018-Q4,새누리당,정부혁신·행정지원,정부의전,2,526
2018-Q4,새누리당,정부혁신·행정지원,정부혁신,3,771
2018-Q4,새누리당,지방재정·기타,지방세,5,6281
2018-Q4,새누리당,지방재정·기타,지방재정,4,725
2018-Q4,새누리당,지방행정,자치인력개발,1,9
2018-Q4,새누리당,지방행정,지방행정,3,308
2019-Q1,국민의당,재난·안전,국민안전행정지원,1,16
2019-Q1,국민의당,재난·안전,안전및재난,1,1
2019-Q1,국민의당,정부혁신·행정지원,정부의전,2,115
2019-Q1,국민의당,정부혁신·행정지원,조직관리,2,149
2019-Q1,더불어민주당,인공지능·디지털 정부,국가기록물,1,34
2019-Q1,더불어민주당,재난·안전,국민안전행정지원,1,25
2019-Q1,더불어민주당,재난·안전,안전및재난,4,78
2019-Q1,더불어민주당,재난·안전,재난예방,1,17
2019-Q1,더불어민주당,정부혁신·행정지원,안전행정행정지원,1,3
2019-Q1,더불어민주당,정부혁신·행정지원,정부의전,3,1129
2019-Q1,더불어민주당,정부혁신·행정지원,조직관리,2,618
2019-Q1,더불어민주당,지방재정·기타,지방세,1,17
2019-Q1,더불어민주당,지방재정·기타,지방재정,1,51
2019-Q1,더불어민주당,지방행정,자치인력개발,1,24
2019-Q1,더불어민주당,지방행정,지방행정,2,88
2019-Q1,미분류,인공지능·디지털 정부,국가기록물,1,10
2019-Q1,미분류,재난·안전,국민안전행정지원,1,4
2019-Q1,미분류,재난·안전,안전및재난,3,22
2019-Q1,미분류,재난·안전,재난예방,1,5
2019-Q1,미분류,정부혁신·행정지원,정부의전,2,400
2019-Q1,미분류,정부혁신·행정지원,조직관리,2,738
2019-Q1,미분류,지방재정·기타,지방세,1,5
2019-Q1,미분류,지방재정·기타,지방재정,1,15
2019-Q1,미분류,지방행정,자치인력개발,1,6
2019-Q1,미분류,지방행정,지방행정,1,25
2019-Q1,새누리당,인공지능·디지털 정부,국가기록물,1,6
2019-Q1,새누리당,재난·안전,국민안전행정지원,1,8
2019-Q1,새누리당,재난·안전,안전및재난,2,11
2019-Q1,새누리당,재난·안전,재난예방,1,3
2019-Q1,새누리당,정부혁신·행정지원,정부의전,2,509
2019-Q1,새누리당,정부혁신·행정지원,조직관리,2,400
2019-Q1,새누리당,지방재정·기타,지방세,1,3
2019-Q1,새누리당,지방재정·기타,지방재정,1,9
2019-Q1,새누리당,지방행정,지방행정,1,15
2019-Q2,국민의당,재난·안전,국민안전행정지원,1,162
2019-Q2,국민의당,재난·안전,복구지원,1,84
2019-Q2,국민의당,재난·안전,안전및재난,1,132
2019-Q2,국민의당,정부혁신·행정지원,정부혁신,1,78
2019-Q2,국민의당,지방재정·기타,지방재정,1,108
2019-Q2,국민의당,지방행정,지방행정,1,162
2019-Q2,국민의힘,재난·안전,복구지원,1,39
2019-Q2,더불어민주당,재난·안전,국민안전행정지원,1,153
2019-Q2,더불어민주당,재난·안전,복구지원,1,634
2019-Q2,더불어민주당,재난·안전,안전및재난,1,239
2019-Q2,더불어민주당,정부혁신·행정지원,정부의전,1,2
2019-Q2,더불어민주당,정부혁신·행정지원,정부혁신,1,188
2019-Q2,더불어민주당,지방재정·기타,지방재정,1,102
2019-Q2,더불어민주당,지방행정,지방행정,1,153
2019-Q2,미분류,재난·안전,국민안전행정지원,1,225
2019-Q2,미분류,재난·안전,복구지원,1,1964
2019-Q2,미분류,재난·안전,안전및재난,1,147
2019-Q2,미분류,정부혁신·행정지원,정부혁신,1,72
2019-Q2,미분류,지방재정·기타,지방재정,1,150
2019-Q2,미분류,지방행정,지방행정,1,225
2019-Q2,새누리당,재난·안전,국민안전행정지원,1,3
2019-Q2,새누리당,재난·안전,복구지원,1,363
2019-Q2,새누리당,재난·안전,안전및재난,1,14
2019-Q2,새누리당,정부혁신·행정지원,정부의전,1,1
2019-Q2,새누리당,정부혁신·행정지원,정부혁신,1,13
2019-Q2,새누리당,지방재정·기타,지방재정,1,2
2019-Q2,새누리당,지방행정,지방행정,1,3
2019-Q3,국민의당,정부혁신·행정지원,안전행정행정지원,1,2
2019-Q3,국민의당,정부혁신·행정지원,정부혁신,1,17
2019-Q3,국민의당,지방재정·기타,지방재정,2,58
2019-Q3,더불어민주당,인공지능·디지털 정부,국가기록물,1,27
2019-Q3,더불어민주당,재난·안전,국민안전행정지원,1,54
2019-Q3,더불어민주당,재난·안전,안전및재난,1,54
2019-Q3,더불어민주당,정부혁신·행정지원,안전행정행정지원,2,98
2019-Q3,더불어민주당,정부혁신·행정지원,정부의전,2,28
2019-Q3,더불어민주당,정부혁신·행정지원,정부혁신,2,266
2019-Q3,더불어민주당,정부혁신·행정지원,조직관리,1,4
2019-Q3,더불어민주당,지방재정·기타,지방재정,5,539
2019-Q3,더불어민주당,지방행정,지방행정,1,54
2019-Q3,미분류,인공지능·디지털 정부,국가기록물,1,32
2019-Q3,미분류,재난·안전,국민안전행정지원,1,64
2019-Q3,미분류,재난·안전,안전및재난,1,64
2019-Q3,미분류,정부혁신·행정지원,안전행정행정지원,2,23
2019-Q3,미분류,정부혁신·행정지원,정부의전,1,32
2019-Q3,미분류,정부혁신·행정지원,정부혁신,2,237
2019-Q3,미분류,지방재정·기타,지방재정,4,365
2019-Q3,미분류,지방행정,지방행정,1,64
2019-Q3,새누리당,인공지능·디지털 정부,국가기록물,1,44
2019-Q3,새누리당,재난·안전,국민안전행정지원,1,88
2019-Q3,새누리당,재난·안전,안전및재난,1,88
2019-Q3,새누리당,정부혁신·행정지원,안전행정행정지원,2,26
2019-Q3,새누리당,정부혁신·행정지원,정부의전,1,44
2019-Q3,새누리당,정부혁신·행정지원,정부혁신,2,119
2019-Q3,새누리당,정부혁신·행정지원,조직관리,1,1
2019-Q3,새누리당,지방재정·기타,지방재정,4,177
2019-Q3,새누리당,지방행정,지방행정,1,88
2019-Q4,국민의당,인공지능·디지털 정부,전자정부,1,1
2019-Q4,국민의당,재난·안전,국민안전행정지원,2,7
2019-Q4,국민의당,재난·안전,복구지원,1,1
2019-Q4,국민의당,재난·안전,안전및재난,1,12
2019-Q4,국민의당,재난·안전,재난예방,2,7
2019-Q4,국민의당,정부혁신·행정지원,안전행정행정지원,1,1
2019-Q4,국민의당,정부혁신·행정지원,정부혁신,1,9
2019-Q4,국민의당,지방재정·기타,지방세,1,4
2019-Q4,국민의당,지방재정·기타,지방재정,2,4
2019-Q4,국민의당,지방행정,지방행정,1,1
2019-Q4,국민의당,지방행정,지역균형발전,1,1
2019-Q4,더불어민주당,인공지능·디지털 정부,전자정부,1,31
2019-Q4,더불어민주당,인공지능·디지털 정부,정보시스템통합관리,1,69
2019-Q4,더불어민주당,재난·안전,국민안전행정지원,4,869
2019-Q4,더불어민주당,재난·안전,복구지원,1,31
2019-Q4,더불어민주당,재난·안전,안전및재난,2,433
2019-Q4,더불어민주당,재난·안전,재난예방,2,213
2019-Q4,더불어민주당,정부혁신·행정지원,안전행정행정지원,3,58
2019-Q4,더불어민주당,정부혁신·행정지원,정부의전,2,149
2019-Q4,더불어민주당,정부혁신·행정지원,정부혁신,3,422
2019-Q4,더불어민주당,지방재정·기타,지방세,2,676
2019-Q4,더불어민주당,지방재정·기타,지방재정,5,927
2019-Q4,더불어민주당,지방행정,지방행정,1,31
2019-Q4,더불어민주당,지방행정,지역균형발전,1,31
2019-Q4,미분류,인공지능·디지털 정부,전자정부,1,10
2019-Q4,미분류,인공지능·디지털 정부,정보시스템통합관리,1,39
2019-Q4,미분류,재난·안전,국민안전행정지원,4,753
2019-Q4,미분류,재난·안전,복구지원,1,10
2019-Q4,미분류,재난·안전,안전및재난,2,51
2019-Q4,미분류,재난·안전,재난예방,2,16
2019-Q4,미분류,정부혁신·행정지원,안전행정행정지원,1,33
2019-Q4,미분류,정부혁신·행정지원,정부의전,2,149
2019-Q4,미분류,정부혁신·행정지원,정부혁신,3,158
2019-Q4,미분류,지방재정·기타,지방세,2,352
2019-Q4,미분류,지방재정·기타,지방재정,5,899
2019-Q4,미분류,지방행정,지방행정,1,10
2019-Q4,미분류,지방행정,지역균형발전,1,10
2019-Q4,새누리당,인공지능·디지털 정부,전자정부,1,1
2019-Q4,새누리당,인공지능·디지털 정부,정보시스템통합관리,1,33
2019-Q4,새누리당,재난·안전,국민안전행정지원,4,454
2019-Q4,새누리당,재난·안전,복구지원,1,1
2019-Q4,새누리당,재난·안전,안전및재난,2,109
2019-Q4,새누리당,재난·안전,재난예방,2,39
2019-Q4,새누리당,정부혁신·행정지원,안전행정행정지원,1,19
2019-Q4,새누리당,정부혁신·행정지원,정부의전,1,61
2019-Q4,새누리당,정부혁신·행정지원,정부혁신,2,118
2019-Q4,새누리당,지방재정·기타,지방세,2,268
2019-Q4,새누리당,지방재정·기타,지방재정,5,496
2019-Q4,새누리당,지방행정,지방행정,1,1
2019-Q4,새누리당,지방행정,지역균형발전,1,1
2020-Q1,국민의당,정부혁신·행정지원,정부혁신,1,8
2020-Q1,더불어민주당,재난·안전,국민안전행정지원,1,110
2020-Q1,더불어민주당,재난·안전,안전및재난,1,55
2020-Q1,더불어민주당,정부혁신·행정지원,정부혁신,4,138
2020-Q1,더불어민주당,정부혁신·행정지원,조직관리,1,1
2020-Q1,더불어민주당,지방재정·기타,지방재정,2,254
2020-Q1,미분류,재난·안전,국민안전행정지원,1,20
2020-Q1,미분류,재난·안전,안전및재난,1,10
2020-Q1,미분류,정부혁신·행정지원,정부혁신,3,113
2020-Q1,미분류,지방재정·기타,지방재정,2,38
2020-Q1,새누리당,재난·안전,국민안전행정지원,1,56
2020-Q1,새누리당,재난·안전,안전및재난,1,28
2020-Q1,새누리당,정부혁신·행정지원,정부혁신,2,46
2020-Q1,새누리당,지방재정·기타,지방재정,2,42
2020-Q2,국민의당,인공지능·디지털 정부,전자정부,1,22
2020-Q2,국민의당,재난·안전,안전및재난,1,264
2020-Q2,국민의당,정부혁신·행정지원,국가적중장기과제추진·지원,1,44
2020-Q2,국민의당,정부혁신·행정지원,정부혁신,1,66
2020-Q2,국민의당,지방재정·기타,지방재정,1,22
2020-Q2,국민의당,지방행정,지방행정,1,22
2020-Q2,더불어민주당,인공지능·디지털 정부,전자정부,1,88
2020-Q2,더불어민주당,재난·안전,안전및재난,1,1056
2020-Q2,더불어민주당,정부혁신·행정지원,국가적중장기과제추진·지원,1,176
2020-Q2,더불어민주당,정부혁신·행정지원,안전행정행정지원,1,1
2020-Q2,더불어민주당,정부혁신·행정지원,정부혁신,1,264
2020-Q2,더불어민주당,정부혁신·행정지원,조직관리,1,2
2020-Q2,더불어민주당,지방재정·기타,지방재정,4,361
2020-Q2,더불어민주당,지방행정,지방행정,1,88
2020-Q2,더불어민주당,지방행정,지역균형발전,1,34
2020-Q2,미분류,인공지능·디지털 정부,전자정부,1,49
2020-Q2,미분류,재난·안전,안전및재난,1,588
2020-Q2,미분류,정부혁신·행정지원,국가적중장기과제추진·지원,1,98
2020-Q2,미분류,정부혁신·행정지원,정부혁신,1,147
2020-Q2,미분류,정부혁신·행정지원,조직관리,1,1
2020-Q2,미분류,지방재정·기타,지방재정,4,302
2020-Q2,미분류,지방행정,지방행정,1,49
2020-Q2,미분류,지방행정,지역균형발전,1,13
2020-Q2,새누리당,인공지능·디지털 정부,전자정부,1,39
2020-Q2,새누리당,재난·안전,안전및재난,1,468
2020-Q2,새누리당,정부혁신·행정지원,국가적중장기과제추진·지원,1,78
2020-Q2,새누리당,정부혁신·행정지원,정부혁신,1,117
2020-Q2,새누리당,지방재정·기타,지방재정,3,149
2020-Q2,새누리당,지방행정,지방행정,1,39
2020-Q2,새누리당,지방행정,지역균형발전,1,12
2020-Q3,더불어민주당,인공지능·디지털 정부,국가기록물,1,24
2020-Q3,더불어민주당,재난·안전,국민안전행정지원,2,311
2020-Q3,더불어민주당,재난·안전,안전및재난,1,144
2020-Q3,더불어민주당,재난·안전,재난예방,1,24
2020-Q3,더불어민주당,정부혁신·행정지원,정부의전,2,297
2020-Q3,더불어민주당,정부혁신·행정지원,정부혁신,4,261
2020-Q3,더불어민주당,정부혁신·행정지원,조직관리,2,8
2020-Q3,더불어민주당,지방재정·기타,지방재정,6,420
2020-Q3,더불어민주당,지방행정,지방행정,2,49
2020-Q3,더불어민주당,지방행정,지역균형발전,1,48
2020-Q3,미래통합당,인공지능·디지털 정부,국가기록물,1,12
2020-Q3,미래통합당,재난·안전,국민안전행정지원,2,222
2020-Q3,미래통합당,재난·안전,안전및재난,1,72
2020-Q3,미래통합당,재난·안전,재난예방,1,12
2020-Q3,미래통합당,정부혁신·행정지원,정부의전,2,291
2020-Q3,미래통합당,정부혁신·행정지원,정부혁신,4,192
2020-Q3,미래통합당,정부혁신·행정지원,조직관리,1,2
2020-Q3,미래통합당,지방재정·기타,지방재정,6,353
2020-Q3,미래통합당,지방행정,지방행정,1,24
2020-Q3,미래통합당,지방행정,지역균형발전,1,24
2020-Q3,미분류,인공지능·디지털 정부,국가기록물,1,47
2020-Q3,미분류,재난·안전,국민안전행정지원,2,1020
2020-Q3,미분류,재난·안전,안전및재난,1,282
2020-Q3,미분류,재난·안전,재난예방,1,47
2020-Q3,미분류,정부혁신·행정지원,정부의전,2,1228
2020-Q3,미분류,정부혁신·행정지원,정부혁신,4,854
2020-Q3,미분류,정부혁신·행정지원,조직관리,2,2
2020-Q3,미분류,지방재정·기타,지방재정,6,1490
2020-Q3,미분류,지방행정,지방행정,1,94
2020-Q3,미분류,지방행정,지역균형발전,1,94
2020-Q3,새누리당,재난·안전,국민안전행정지원,1,3
2020-Q4,더불어민주당,인공지능·디지털 정부,전자정부,2,54
2020-Q4,더불어민주당,재난·안전,국민안전행정지원,2,202
2020-Q4,더불어민주당,재난·안전,안전및재난,4,723
2020-Q4,더불어민주당,정부혁신·행정지원,국가적중장기과제추진·지원,1,7
2020-Q4,더불어민주당,정부혁신·행정지원,정부의전,2,667
2020-Q4,더불어민주당,정부혁신·행정지원,정부혁신,7,412
2020-Q4,더불어민주당,정부혁신·행정지원,조직관리,2,84
2020-Q4,더불어민주당,지방재정·기타,지방세,2,272
2020-Q4,더불어민주당,지방재정·기타,지방재정,5,382
2020-Q4,더불어민주당,지방행정,자치인력개발,2,273
2020-Q4,더불어민주당,지방행정,지방행정,5,617
2020-Q4,미래통합당,인공지능·디지털 정부,전자정부,2,15
2020-Q4,미래통합당,재난·안전,국민안전행정지원,2,75
2020-Q4,미래통합당,재난·안전,안전및재난,4,300
2020-Q4,미래통합당,정부혁신·행정지원,국가적중장기과제추진·지원,1,1
2020-Q4,미래통합당,정부혁신·행정지원,정부의전,1,225
2020-Q4,미래통합당,정부혁신·행정지원,정부혁신,5,213
2020-Q4,미래통합당,정부혁신·행정지원,조직관리,1,70
2020-Q4,미래통합당,지방재정·기타,지방세,1,52
2020-Q4,미래통합당,지방재정·기타,지방재정,5,197
2020-Q4,미래통합당,지방행정,자치인력개발,1,238
2020-Q4,미래통합당,지방행정,지방행정,4,276
2020-Q4,미분류,인공지능·디지털 정부,전자정부,2,74
2020-Q4,미분류,재난·안전,국민안전행정지원,2,422
2020-Q4,미분류,재난·안전,안전및재난,4,1455
2020-Q4,미분류,정부혁신·행정지원,국가적중장기과제추진·지원,1,12
2020-Q4,미분류,정부혁신·행정지원,정부의전,1,204
2020-Q4,미분류,정부혁신·행정지원,정부혁신,5,817
2020-Q4,미분류,정부혁신·행정지원,조직관리,2,130
2020-Q4,미분류,지방재정·기타,지방세,2,272
2020-Q4,미분류,지방재정·기타,지방재정,5,705
2020-Q4,미분류,지방행정,자치인력개발,1,801
2020-Q4,미분류,지방행정,지방행정,5,1140
2021-Q1,더불어민주당,인공지능·디지털 정부,국가기록물,1,38
2021-Q1,더불어민주당,인공지능·디지털 정부,전자정부,2,163
2021-Q1,더불어민주당,재난·안전,국민안전행정지원,4,664
2021-Q1,더불어민주당,재난·안전,복구지원,1,38
2021-Q1,더불어민주당,재난·안전,안전및재난,3,2598
2021-Q1,더불어민주당,재난·안전,재난예방,1,38
2021-Q1,더불어민주당,정부혁신·행정지원,국가적중장기과제추진·지원,1,114
2021-Q1,더불어민주당,정부혁신·행정지원,정부혁신,5,1910
2021-Q1,더불어민주당,정부혁신·행정지원,조직관리,4,661
2021-Q1,더불어민주당,지방재정·기타,지방세,2,1334
2021-Q1,더불어민주당,지방재정·기타,지방재정,3,711
2021-Q1,더불어민주당,지방행정,자치인력개발,2,128
2021-Q1,더불어민주당,지방행정,지방행정,6,5137
2021-Q1,더불어민주당,지방행정,지역균형발전,1,38
2021-Q1,미래통합당,인공지능·디지털 정부,국가기록물,1,13
2021-Q1,미래통합당,인공지능·디지털 정부,전자정부,2,91
2021-Q1,미래통합당,재난·안전,국민안전행정지원,4,205
2021-Q1,미래통합당,재난·안전,복구지원,1,13
2021-Q1,미래통합당,재난·안전,안전및재난,3,765
2021-Q1,미래통합당,재난·안전,재난예방,1,13
2021-Q1,미래통합당,정부혁신·행정지원,국가적중장기과제추진·지원,1,39
2021-Q1,미래통합당,정부혁신·행정지원,정부혁신,5,705
2021-Q1,미래통합당,정부혁신·행정지원,조직관리,4,322
2021-Q1,미래통합당,지방재정·기타,지방세,2,457
2021-Q1,미래통합당,지방재정·기타,지방재정,3,236
2021-Q1,미래통합당,지방행정,지방행정,6,2105
2021-Q1,미래통합당,지방행정,지역균형발전,1,13
2021-Q1,미분류,인공지능·디지털 정부,국가기록물,1,2
2021-Q1,미분류,인공지능·디지털 정부,전자정부,2,76
2021-Q1,미분류,재난·안전,국민안전행정지원,4,598
2021-Q1,미분류,재난·안전,복구지원,1,2
2021-Q1,미분류,재난·안전,안전및재난,3,374
2021-Q1,미분류,재난·안전,재난예방,1,2
2021-Q1,미분류,정부혁신·행정지원,국가적중장기과제추진·지원,1,6
2021-Q1,미분류,정부혁신·행정지원,정부혁신,5,1115
2021-Q1,미분류,정부혁신·행정지원,조직관리,4,598
2021-Q1,미분류,지방재정·기타,지방세,2,87
2021-Q1,미분류,지방재정·기타,지방재정,3,95
2021-Q1,미분류,지방행정,자치인력개발,2,293
2021-Q1,미분류,지방행정,지방행정,6,4753
2021-Q1,미분류,지방행정,지역균형발전,1,2
2021-Q1,새누리당,재난·안전,국민안전행정지원,1,23
2021-Q1,새누리당,정부혁신·행정지원,정부혁신,1,23
2021-Q1,새누리당,지방재정·기타,지방재정,1,2
2021-Q1,새누리당,지방행정,지방행정,1,92
2021-Q2,더불어민주당,재난·안전,국민안전행정지원,4,136
2021-Q2,더불어민주당,재난·안전,안전및재난,1,98
2021-Q2,더불어민주당,정부혁신·행정지원,조직관리,1,8
2021-Q2,더불어민주당,지방재정·기타,지방세,4,487
2021-Q2,더불어민주당,지방행정,지방행정,4,735
2021-Q2,더불어민주당,지방행정,지역균형발전,1,80
2021-Q2,미래통합당,재난·안전,국민안전행정지원,4,106
2021-Q2,미래통합당,재난·안전,안전및재난,1,14
2021-Q2,미래통합당,정부혁신·행정지원,조직관리,1,2
2021-Q2,미래통합당,지방재정·기타,지방세,4,240
2021-Q2,미래통합당,지방행정,지방행정,4,464
2021-Q2,미래통합당,지방행정,지역균형발전,1,12
2021-Q2,미분류,재난·안전,국민안전행정지원,4,194
2021-Q2,미분류,재난·안전,안전및재난,1,7
2021-Q2,미분류,지방재정·기타,지방세,4,379
2021-Q2,미분류,지방행정,지방행정,4,752
2021-Q2,미분류,지방행정,지역균형발전,1,172
2021-Q3,더불어민주당,재난·안전,국민안전행정지원,2,340
2021-Q3,더불어민주당,재난·안전,복구지원,1,99
2021-Q3,더불어민주당,재난·안전,비상대비,1,220
2021-Q3,더불어민주당,재난·안전,안전및재난,4,6345
2021-Q3,더불어민주당,정부혁신·행정지원,국가적중장기과제추진·지원,1,297
2021-Q3,더불어민주당,정부혁신·행정지원,정부혁신,2,3136
2021-Q3,더불어민주당,지방재정·기타,지방세,2,441
2021-Q3,더불어민주당,지방재정·기타,지방재정,4,1699
2021-Q3,더불어민주당,지방행정,지방행정,2,4070
2021-Q3,더불어민주당,지방행정,지역균형발전,2,726
2021-Q3,미래통합당,재난·안전,국민안전행정지원,2,168
2021-Q3,미래통합당,재난·안전,복구지원,1,44
2021-Q3,미래통합당,재난·안전,비상대비,1,108
2021-Q3,미래통합당,재난·안전,안전및재난,4,4434
2021-Q3,미래통합당,정부혁신·행정지원,국가적중장기과제추진·지원,1,132
2021-Q3,미래통합당,정부혁신·행정지원,정부혁신,2,1569
2021-Q3,미래통합당,지방재정·기타,지방세,2,54
2021-Q3,미래통합당,지방재정·기타,지방재정,4,831
2021-Q3,미래통합당,지방행정,지방행정,2,1674
2021-Q3,미래통합당,지방행정,지역균형발전,2,338
2021-Q3,미분류,재난·안전,국민안전행정지원,2,553
2021-Q3,미분류,재난·안전,복구지원,1,41
2021-Q3,미분류,재난·안전,비상대비,1,356
2021-Q3,미분류,재난·안전,안전및재난,4,10307
2021-Q3,미분류,정부혁신·행정지원,국가적중장기과제추진·지원,1,123
2021-Q3,미분류,정부혁신·행정지원,정부혁신,2,5035
2021-Q3,미분류,지방재정·기타,지방세,2,243
2021-Q3,미분류,지방재정·기타,지방재정,4,1484
2021-Q3,미분류,지방행정,지방행정,2,4672
2021-Q3,미분류,지방행정,지역균형발전,2,698
2021-Q4,국민의힘,인공지능·디지털 정부,국가기록물,1,6
2021-Q4,국민의힘,인공지능·디지털 정부,전자정부,1,6
2021-Q4,국민의힘,재난·안전,비상대비,1,6
2021-Q4,국민의힘,재난·안전,안전및재난,1,156
2021-Q4,국민의힘,정부혁신·행정지원,정부혁신,1,24
2021-Q4,국민의힘,지방행정,지방행정,1,102
2021-Q4,더불어민주당,인공지능·디지털 정부,국가기록물,1,117
2021-Q4,더불어민주당,인공지능·디지털 정부,전자정부,2,164
2021-Q4,더불어민주당,재난·안전,국민안전행정지원,1,377
2021-Q4,더불어민주당,재난·안전,비상대비,1,117
2021-Q4,더불어민주당,재난·안전,안전및재난,2,4593
2021-Q4,더불어민주당,정부혁신·행정지원,국가적중장기과제추진·지원,1,94
2021-Q4,더불어민주당,정부혁신·행정지원,정부의전,2,335
2021-Q4,더불어민주당,정부혁신·행정지원,정부혁신,4,2497
2021-Q4,더불어민주당,지방재정·기타,지방세,2,6808
2021-Q4,더불어민주당,지방재정·기타,지방재정,3,1106
2021-Q4,더불어민주당,지방행정,지방행정,2,3493
2021-Q4,더불어민주당,지방행정,지역균형발전,1,188
2021-Q4,미래통합당,인공지능·디지털 정부,국가기록물,1,15
2021-Q4,미래통합당,인공지능·디지털 정부,전자정부,2,60
2021-Q4,미래통합당,재난·안전,국민안전행정지원,1,360
2021-Q4,미래통합당,재난·안전,비상대비,1,15
2021-Q4,미래통합당,재난·안전,안전및재난,2,1875
2021-Q4,미래통합당,정부혁신·행정지원,국가적중장기과제추진·지원,1,90
2021-Q4,미래통합당,정부혁신·행정지원,정부의전,2,141
2021-Q4,미래통합당,정부혁신·행정지원,정부혁신,3,1821
2021-Q4,미래통합당,지방재정·기타,지방세,1,968
2021-Q4,미래통합당,지방재정·기타,지방재정,3,758
2021-Q4,미래통합당,지방행정,지방행정,2,1695
2021-Q4,미래통합당,지방행정,지역균형발전,1,180
2021-Q4,미분류,인공지능·디지털 정부,국가기록물,1,218
2021-Q4,미분류,인공지능·디지털 정부,전자정부,2,247
2021-Q4,미분류,재난·안전,국민안전행정지원,1,232
2021-Q4,미분류,재난·안전,비상대비,1,218
2021-Q4,미분류,재난·안전,안전및재난,2,6625
2021-Q4,미분류,정부혁신·행정지원,국가적중장기과제추진·지원,1,58
2021-Q4,미분류,정부혁신·행정지원,정부의전,2,200
2021-Q4,미분류,정부혁신·행정지원,정부혁신,3,2116
2021-Q4,미분류,지방재정·기타,지방세,2,1542
2021-Q4,미분류,지방재정·기타,지방재정,3,601
2021-Q4,미분류,지방행정,지방행정,2,4634
2021-Q4,미분류,지방행정,지역균형발전,1,116
2022-Q1,더불어민주당,인공지능·디지털 정부,전자정부,1,11
2022-Q1,더불어민주당,재난·안전,국민안전행정지원,4,81
2022-Q1,더불어민주당,재난·안전,복구지원,1,11
2022-Q1,더불어민주당,재난·안전,비상대비,1,22
2022-Q1,더불어민주당,재난·안전,안전및재난,2,572
2022-Q1,더불어민주당,정부혁신·행정지원,국가적중장기과제추진·지원,3,60
2022-Q1,더불어민주당,정부혁신·행정지원,정부혁신,3,255
2022-Q1,더불어민주당,정부혁신·행정지원,조직관리,2,57
2022-Q1,더불어민주당,지방재정·기타,지방세,2,173
2022-Q1,더불어민주당,지방재정·기타,지방재정,1,88
2022-Q1,더불어민주당,지방행정,지방행정,5,1121
2022-Q1,더불어민주당,지방행정,지역균형발전,2,23
2022-Q1,미래통합당,인공지능·디지털 정부,전자정부,1,3
2022-Q1,미래통합당,재난·안전,국민안전행정지원,3,22
2022-Q1,미래통합당,재난·안전,복구지원,1,3
2022-Q1,미래통합당,재난·안전,비상대비,1,6
2022-Q1,미래통합당,재난·안전,안전및재난,2,138
2022-Q1,미래통합당,정부혁신·행정지원,국가적중장기과제추진·지원,3,15
2022-Q1,미래통합당,정부혁신·행정지원,정부혁신,3,101
2022-Q1,미래통합당,정부혁신·행정지원,조직관리,2,37
2022-Q1,미래통합당,지방재정·기타,지방세,2,39
2022-Q1,미래통합당,지방재정·기타,지방재정,1,24
2022-Q1,미래통합당,지방행정,지방행정,5,220
2022-Q1,미래통합당,지방행정,지역균형발전,1,3
2022-Q1,미분류,인공지능·디지털 정부,전자정부,1,4
2022-Q1,미분류,재난·안전,국민안전행정지원,3,34
2022-Q1,미분류,재난·안전,복구지원,1,4
2022-Q1,미분류,재난·안전,비상대비,1,8
2022-Q1,미분류,재난·안전,안전및재난,2,272
2022-Q1,미분류,정부혁신·행정지원,국가적중장기과제추진·지원,3,29
2022-Q1,미분류,정부혁신·행정지원,정부혁신,3,196
2022-Q1,미분류,정부혁신·행정지원,조직관리,2,74
2022-Q1,미분류,지방재정·기타,지방세,2,92
2022-Q1,미분류,지방재정·기타,지방재정,1,32
2022-Q1,미분류,지방행정,지방행정,5,986
2022-Q1,미분류,지방행정,지역균형발전,2,12
2022-Q2,더불어민주당,재난·안전,국민안전행정지원,2,34
2022-Q2,더불어민주당,재난·안전,안전및재난,1,360
2022-Q2,더불어민주당,정부혁신·행정지원,정부의전,5,1011
2022-Q2,더불어민주당,정부혁신·행정지원,정부혁신,2,369
2022-Q2,더불어민주당,정부혁신·행정지원,조직관리,3,54
2022-Q2,더불어민주당,지방재정·기타,지방세,1,360
2022-Q2,더불어민주당,지방재정·기타,지방재정,2,297
2022-Q2,더불어민주당,지방행정,자치인력개발,2,740
2022-Q2,더불어민주당,지방행정,지방행정,2,510
2022-Q2,더불어민주당,지방행정,지역균형발전,1,12
2022-Q2,미래통합당,재난·안전,국민안전행정지원,1,2
2022-Q2,미래통합당,재난·안전,안전및재난,1,30
2022-Q2,미래통합당,정부혁신·행정지원,정부의전,2,136
2022-Q2,미래통합당,정부혁신·행정지원,정부혁신,2,41
2022-Q2,미래통합당,정부혁신·행정지원,조직관리,1,4
2022-Q2,미래통합당,지방재정·기타,지방세,1,30
2022-Q2,미래통합당,지방재정·기타,지방재정,2,35
2022-Q2,미래통합당,지방행정,자치인력개발,2,86
2022-Q2,미래통합당,지방행정,지방행정,1,40
2022-Q2,미분류,재난·안전,국민안전행정지원,1,41
2022-Q2,미분류,재난·안전,안전및재난,1,615
2022-Q2,미분류,정부혁신·행정지원,정부의전,2,424
2022-Q2,미분류,정부혁신·행정지원,정부혁신,2,359
2022-Q2,미분류,정부혁신·행정지원,조직관리,2,83
2022-Q2,미분류,지방재정·기타,지방세,1,615
2022-Q2,미분류,지방재정·기타,지방재정,2,236
2022-Q2,미분류,지방행정,자치인력개발,2,613
2022-Q2,미분류,지방행정,지방행정,1,820
2022-Q3,더불어민주당,인공지능·디지털 정부,국가기록물,1,46
2022-Q3,더불어민주당,인공지능·디지털 정부,전자정부,2,40
2022-Q3,더불어민주당,재난·안전,국민안전행정지원,3,566
2022-Q3,더불어민주당,재난·안전,안전및재난,2,676
2022-Q3,더불어민주당,정부혁신·행정지원,정부의전,3,658
2022-Q3,더불어민주당,정부혁신·행정지원,정부혁신,4,889
2022-Q3,더불어민주당,정부혁신·행정지원,조직관리,4,1016
2022-Q3,더불어민주당,지방재정·기타,지방세,1,552
2022-Q3,더불어민주당,지방재정·기타,지방재정,4,865
2022-Q3,더불어민주당,지방행정,자치인력개발,1,17
2022-Q3,더불어민주당,지방행정,지방행정,2,1021
2022-Q3,더불어민주당,지방행정,지역균형발전,2,63
2022-Q3,미래통합당,인공지능·디지털 정부,국가기록물,1,2
2022-Q3,미래통합당,인공지능·디지털 정부,전자정부,1,1
2022-Q3,미래통합당,재난·안전,국민안전행정지원,2,90
2022-Q3,미래통합당,재난·안전,안전및재난,1,22
2022-Q3,미래통합당,정부혁신·행정지원,정부의전,2,117
2022-Q3,미래통합당,정부혁신·행정지원,정부혁신,2,122
2022-Q3,미래통합당,정부혁신·행정지원,조직관리,2,122
2022-Q3,미래통합당,지방재정·기타,지방세,1,24
2022-Q3,미래통합당,지방재정·기타,지방재정,2,118
2022-Q3,미래통합당,지방행정,지방행정,1,37
2022-Q3,미래통합당,지방행정,지역균형발전,1,2
2022-Q3,미분류,인공지능·디지털 정부,국가기록물,1,74
2022-Q3,미분류,인공지능·디지털 정부,전자정부,2,68
2022-Q3,미분류,재난·안전,국민안전행정지원,4,1364
2022-Q3,미분류,재난·안전,안전및재난,2,1124
2022-Q3,미분류,정부혁신·행정지원,정부의전,4,939
2022-Q3,미분류,정부혁신·행정지원,정부혁신,4,1215
2022-Q3,미분류,정부혁신·행정지원,조직관리,4,1120
2022-Q3,미분류,지방재정·기타,지방세,1,888
2022-Q3,미분류,지방재정·기타,지방재정,4,1191
2022-Q3,미분류,지방행정,자치인력개발,1,31
2022-Q3,미분류,지방행정,지방행정,2,1679
2022-Q3,미분류,지방행정,지역균형발전,2,105
2022-Q3,열린민주당,인공지능·디지털 정부,국가기록물,1,2
2022-Q3,열린민주당,인공지능·디지털 정부,전자정부,1,1
2022-Q3,열린민주당,재난·안전,국민안전행정지원,1,9
2022-Q3,열린민주당,재난·안전,안전및재난,1,22
2022-Q3,열린민주당,정부혁신·행정지원,정부의전,1,3
2022-Q3,열린민주당,정부혁신·행정지원,정부혁신,1,8
2022-Q3,열린민주당,정부혁신·행정지원,조직관리,1,3
2022-Q3,열린민주당,지방재정·기타,지방세,1,24
2022-Q3,열린민주당,지방재정·기타,지방재정,1,4
2022-Q3,열린민주당,지방행정,지방행정,1,37
2022-Q3,열린민주당,지방행정,지역균형발전,1,2
2022-Q4,더불어민주당,인공지능·디지털 정부,전자정부,1,2
2022-Q4,더불어민주당,재난·안전,국민안전행정지원,3,798
2022-Q4,더불어민주당,재난·안전,안전및재난,3,185
2022-Q4,더불어민주당,정부혁신·행정지원,국가적중장기과제추진·지원,2,8
2022-Q4,더불어민주당,정부혁신·행정지원,정부의전,2,9
2022-Q4,더불어민주당,정부혁신·행정지원,정부혁신,3,660
2022-Q4,더불어민주당,정부혁신·행정지원,조직관리,1,3
2022-Q4,더불어민주당,지방재정·기타,지방세,1,1591
2022-Q4,더불어민주당,지방재정·기타,지방재정,1,9
2022-Q4,더불어민주당,지방행정,지방행정,2,198
2022-Q4,더불어민주당,지방행정,지역균형발전,2,19
2022-Q4,미래통합당,재난·안전,국민안전행정지원,2,115
2022-Q4,미래통합당,재난·안전,안전및재난,1,1
2022-Q4,미래통합당,정부혁신·행정지원,정부혁신,1,88
2022-Q4,미래통합당,지방재정·기타,지방세,1,172
2022-Q4,미래통합당,지방행정,지방행정,1,4
2022-Q4,미분류,인공지능·디지털 정부,전자정부,1,2
2022-Q4,미분류,재난·안전,국민안전행정지원,3,1683
2022-Q4,미분류,재난·안전,안전및재난,3,1131
2022-Q4,미분류,정부혁신·행정지원,국가적중장기과제추진·지원,3,34
2022-Q4,미분류,정부혁신·행정지원,정부의전,4,36
2022-Q4,미분류,정부혁신·행정지원,정부혁신,4,1056
2022-Q4,미분류,정부혁신·행정지원,조직관리,1,3
2022-Q4,미분류,지방재정·기타,지방세,1,1591
2022-Q4,미분류,지방재정·기타,지방재정,1,9
2022-Q4,미분류,지방행정,지방행정,2,1188
2022-Q4,미분류,지방행정,지역균형발전,2,151
2023-Q1,더불어민주당,인공지능·디지털 정부,국가기록물,1,17
2023-Q1,더불어민주당,재난·안전,국민안전행정지원,4,626
2023-Q1,더불어민주당,재난·안전,비상대비,1,34
2023-Q1,더불어민주당,재난·안전,안전및재난,3,3995
2023-Q1,더불어민주당,정부혁신·행정지원,국가적중장기과제추진·지원,3,860
2023-Q1,더불어민주당,정부혁신·행정지원,정부의전,1,294
2023-Q1,더불어민주당,정부혁신·행정지원,정부혁신,5,8399
2023-Q1,더불어민주당,정부혁신·행정지원,조직관리,2,650
2023-Q1,더불어민주당,지방재정·기타,지방세,3,23681
2023-Q1,더불어민주당,지방재정·기타,지방재정,5,7810
2023-Q1,더불어민주당,지방행정,지방행정,4,5707
2023-Q1,더불어민주당,지방행정,지역균형발전,3,871
2023-Q1,미래통합당,인공지능·디지털 정부,국가기록물,1,3
2023-Q1,미래통합당,재난·안전,국민안전행정지원,3,110
2023-Q1,미래통합당,재난·안전,비상대비,1,6
2023-Q1,미래통합당,재난·안전,안전및재난,2,735
2023-Q1,미래통합당,정부혁신·행정지원,국가적중장기과제추진·지원,3,99
2023-Q1,미래통합당,정부혁신·행정지원,정부의전,1,64
2023-Q1,미래통합당,정부혁신·행정지원,정부혁신,4,1680
2023-Q1,미래통합당,정부혁신·행정지원,조직관리,2,153
2023-Q1,미래통합당,지방재정·기타,지방세,3,4906
2023-Q1,미래통합당,지방재정·기타,지방재정,4,1285
2023-Q1,미래통합당,지방행정,지방행정,3,791
2023-Q1,미래통합당,지방행정,지역균형발전,3,135
2023-Q1,미분류,인공지능·디지털 정부,국가기록물,1,108
2023-Q1,미분류,재난·안전,국민안전행정지원,4,1689
2023-Q1,미분류,재난·안전,비상대비,1,216
2023-Q1,미분류,재난·안전,안전및재난,3,13380
2023-Q1,미분류,정부혁신·행정지원,국가적중장기과제추진·지원,3,1391
2023-Q1,미분류,정부혁신·행정지원,정부의전,1,838
2023-Q1,미분류,정부혁신·행정지원,정부혁신,5,17005
2023-Q1,미분류,정부혁신·행정지원,조직관리,2,1249
2023-Q1,미분류,지방재정·기타,지방세,3,22342
2023-Q1,미분류,지방재정·기타,지방재정,5,10007
2023-Q1,미분류,지방행정,지방행정,4,13027
2023-Q1,미분류,지방행정,지역균형발전,3,1998
2023-Q2,더불어민주당,인공지능·디지털 정부,전자정부,2,13
2023-Q2,더불어민주당,재난·안전,국민안전행정지원,3,392
2023-Q2,더불어민주당,재난·안전,비상대비,2,13
2023-Q2,더불어민주당,재난·안전,안전및재난,3,1050
2023-Q2,더불어민주당,정부혁신·행정지원,국가적중장기과제추진·지원,1,70
2023-Q2,더불어민주당,정부혁신·행정지원,정부혁신,3,849
2023-Q2,더불어민주당,정부혁신·행정지원,조직관리,1,330
2023-Q2,더불어민주당,지방재정·기타,지방세,5,992
2023-Q2,더불어민주당,지방재정·기타,지방재정,3,42
2023-Q2,더불어민주당,지방행정,지방행정,5,3996
2023-Q2,더불어민주당,지방행정,지역균형발전,3,122
2023-Q2,미래통합당,재난·안전,국민안전행정지원,2,11
2023-Q2,미래통합당,재난·안전,안전및재난,2,24
2023-Q2,미래통합당,정부혁신·행정지원,국가적중장기과제추진·지원,1,2
2023-Q2,미래통합당,정부혁신·행정지원,정부혁신,3,132
2023-Q2,미래통합당,정부혁신·행정지원,조직관리,1,121
2023-Q2,미래통합당,지방재정·기타,지방세,2,22
2023-Q2,미래통합당,지방재정·기타,지방재정,1,1
2023-Q2,미래통합당,지방행정,지방행정,3,280
2023-Q2,미래통합당,지방행정,지역균형발전,1,2
2023-Q2,미분류,인공지능·디지털 정부,전자정부,2,70
2023-Q2,미분류,재난·안전,국민안전행정지원,3,967
2023-Q2,미분류,재난·안전,비상대비,2,70
2023-Q2,미분류,재난·안전,안전및재난,3,3110
2023-Q2,미분류,정부혁신·행정지원,국가적중장기과제추진·지원,1,146
2023-Q2,미분류,정부혁신·행정지원,정부혁신,3,3452
2023-Q2,미분류,정부혁신·행정지원,조직관리,1,898
2023-Q2,미분류,지방재정·기타,지방세,5,3226
2023-Q2,미분류,지방재정·기타,지방재정,3,155
2023-Q2,미분류,지방행정,지방행정,5,5196
2023-Q2,미분류,지방행정,지역균형발전,3,426
2023-Q2,열린민주당,인공지능·디지털 정부,전자정부,1,1
2023-Q2,열린민주당,재난·안전,국민안전행정지원,1,4
2023-Q2,열린민주당,재난·안전,비상대비,1,1
2023-Q2,열린민주당,재난·안전,안전및재난,1,28
2023-Q2,열린민주당,정부혁신·행정지원,정부혁신,1,31
2023-Q2,열린민주당,지방재정·기타,지방세,1,29
2023-Q2,열린민주당,지방재정·기타,지방재정,1,4
2023-Q2,열린민주당,지방행정,지방행정,1,29
2023-Q2,열린민주당,지방행정,지역균형발전,1,4
2023-Q2,정의당,인공지능·디지털 정부,전자정부,1,2
2023-Q2,정의당,재난·안전,국민안전행정지원,1,8
2023-Q2,정의당,재난·안전,비상대비,1,2
2023-Q2,정의당,재난·안전,안전및재난,1,56
2023-Q2,정의당,정부혁신·행정지원,정부혁신,1,62
2023-Q2,정의당,지방재정·기타,지방세,1,58
2023-Q2,정의당,지방재정·기타,지방재정,1,8
2023-Q2,정의당,지방행정,지방행정,1,58
2023-Q2,정의당,지방행정,지역균형발전,1,8
2023-Q3,더불어민주당,인공지능·디지털 정부,국가기록물,1,20
2023-Q3,더불어민주당,인공지능·디지털 정부,전자정부,1,40
2023-Q3,더불어민주당,재난·안전,국민안전행정지원,1,186
2023-Q3,더불어민주당,재난·안전,비상대비,1,20
2023-Q3,더불어민주당,재난·안전,안전및재난,1,2530
2023-Q3,더불어민주당,정부혁신·행정지원,국가적중장기과제추진·지원,1,40
2023-Q3,더불어민주당,정부혁신·행정지원,정부의전,1,16
2023-Q3,더불어민주당,정부혁신·행정지원,정부혁신,1,460
2023-Q3,더불어민주당,정부혁신·행정지원,조직관리,3,180
2023-Q3,더불어민주당,지방재정·기타,지방세,1,480
2023-Q3,더불어민주당,지방재정·기타,지방재정,1,360
2023-Q3,더불어민주당,지방행정,지방행정,1,866
2023-Q3,더불어민주당,지방행정,지역균형발전,1,60
2023-Q3,미래통합당,재난·안전,국민안전행정지원,1,1
2023-Q3,미분류,인공지능·디지털 정부,국가기록물,1,7
2023-Q3,미분류,인공지능·디지털 정부,전자정부,1,14
2023-Q3,미분류,재난·안전,국민안전행정지원,1,66
2023-Q3,미분류,재난·안전,비상대비,1,7
2023-Q3,미분류,재난·안전,안전및재난,1,943
2023-Q3,미분류,정부혁신·행정지원,국가적중장기과제추진·지원,1,14
2023-Q3,미분류,정부혁신·행정지원,정부의전,1,5
2023-Q3,미분류,정부혁신·행정지원,정부혁신,1,161
2023-Q3,미분류,정부혁신·행정지원,조직관리,3,130
2023-Q3,미분류,지방재정·기타,지방세,1,168
2023-Q3,미분류,지방재정·기타,지방재정,1,126
2023-Q3,미분류,지방행정,지방행정,1,310
2023-Q3,미분류,지방행정,지역균형발전,1,21
2023-Q4,더불어민주당,인공지능·디지털 정부,전자정부,1,2
2023-Q4,더불어민주당,재난·안전,국민안전행정지원,3,492
2023-Q4,더불어민주당,재난·안전,복구지원,1,1
2023-Q4,더불어민주당,재난·안전,비상대비,1,3
2023-Q4,더불어민주당,재난·안전,안전및재난,4,2221
2023-Q4,더불어민주당,재난·안전,재난예방,2,33
2023-Q4,더불어민주당,정부혁신·행정지원,국가적중장기과제추진·지원,3,332
2023-Q4,더불어민주당,정부혁신·행정지원,정부의전,2,2
2023-Q4,더불어민주당,정부혁신·행정지원,정부혁신,5,1398
2023-Q4,더불어민주당,정부혁신·행정지원,조직관리,3,74
2023-Q4,더불어민주당,지방재정·기타,지방세,4,3003
2023-Q4,더불어민주당,지방재정·기타,지방재정,3,159
2023-Q4,더불어민주당,지방행정,지방행정,5,754
2023-Q4,더불어민주당,지방행정,지역균형발전,3,173
2023-Q4,미래통합당,재난·안전,국민안전행정지원,2,125
2023-Q4,미래통합당,재난·안전,안전및재난,3,513
2023-Q4,미래통합당,재난·안전,재난예방,1,1
2023-Q4,미래통합당,정부혁신·행정지원,국가적중장기과제추진·지원,3,85
2023-Q4,미래통합당,정부혁신·행정지원,정부혁신,5,426
2023-Q4,미래통합당,정부혁신·행정지원,조직관리,1,4
2023-Q4,미래통합당,지방재정·기타,지방세,2,92
2023-Q4,미래통합당,지방재정·기타,지방재정,2,16
2023-Q4,미래통합당,지방행정,지방행정,3,202
2023-Q4,미래통합당,지방행정,지역균형발전,2,46
2023-Q4,미분류,재난·안전,국민안전행정지원,2,409
2023-Q4,미분류,재난·안전,안전및재난,3,1710
2023-Q4,미분류,재난·안전,재난예방,1,4
2023-Q4,미분류,정부혁신·행정지원,국가적중장기과제추진·지원,3,234
2023-Q4,미분류,정부혁신·행정지원,정부혁신,5,1477
2023-Q4,미분류,정부혁신·행정지원,조직관리,1,8
2023-Q4,미분류,지방재정·기타,지방세,3,378
2023-Q4,미분류,지방재정·기타,지방재정,2,44
2023-Q4,미분류,지방행정,지방행정,3,670
2023-Q4,미분류,지방행정,지역균형발전,2,154
2024-Q1,더불어민주당,재난·안전,국민안전행정지원,1,3
2024-Q1,더불어민주당,재난·안전,비상대비,1,5
2024-Q1,더불어민주당,정부혁신·행정지원,정부혁신,3,393
2024-Q1,미래통합당,재난·안전,비상대비,1,1
2024-Q1,미래통합당,정부혁신·행정지원,정부혁신,2,15
2024-Q1,미분류,정부혁신·행정지원,정부혁신,3,715
2024-Q2,기본소득당,정부혁신·행정지원,정부의전,1,2
2024-Q2,기본소득당,정부혁신·행정지원,정부혁신,1,2
2024-Q2,기본소득당,정부혁신·행정지원,조직관리,1,5
2024-Q2,더불어민주당,정부혁신·행정지원,정부의전,3,236
2024-Q2,더불어민주당,정부혁신·행정지원,정부혁신,1,222
2024-Q2,더불어민주당,정부혁신·행정지원,조직관리,3,86
2024-Q2,미분류,정부혁신·행정지원,정부의전,2,202
2024-Q2,미분류,정부혁신·행정지원,정부혁신,1,196
2024-Q2,미분류,정부혁신·행정지원,조직관리,1,54
2024-Q2,조국혁신당,정부혁신·행정지원,정부의전,1,27
2024-Q2,조국혁신당,정부혁신·행정지원,정부혁신,1,27
2024-Q2,조국혁신당,정부혁신·행정지원,조직관리,1,3
2024-Q3,국민의힘,인공지능·디지털 정부,전자정부,1,16
2024-Q3,국민의힘,재난·안전,국민안전행정지원,4,399
2024-Q3,국민의힘,재난·안전,복구지원,2,112
2024-Q3,국민의힘,재난·안전,비상대비,2,36
2024-Q3,국민의힘,재난·안전,안전및재난,5,544
2024-Q3,국민의힘,정부혁신·행정지원,국가적중장기과제추진·지원,1,102
2024-Q3,국민의힘,정부혁신·행정지원,정부의전,3,119
2024-Q3,국민의힘,정부혁신·행정지원,정부혁신,3,334
2024-Q3,국민의힘,정부혁신·행정지원,조직관리,2,225
2024-Q3,국민의힘,지방재정·기타,지방세,1,152
2024-Q3,국민의힘,지방재정·기타,지방재정,1,72
2024-Q3,국민의힘,지방행정,지방행정,1,232
2024-Q3,국민의힘,지방행정,지역균형발전,2,257
2024-Q3,기본소득당,재난·안전,국민안전행정지원,2,103
2024-Q3,기본소득당,재난·안전,복구지원,1,17
2024-Q3,기본소득당,재난·안전,안전및재난,2,89
2024-Q3,기본소득당,정부혁신·행정지원,국가적중장기과제추진·지원,1,23
2024-Q3,기본소득당,정부혁신·행정지원,정부의전,1,7
2024-Q3,기본소득당,정부혁신·행정지원,조직관리,1,28
2024-Q3,더불어민주당,인공지능·디지털 정부,전자정부,1,26
2024-Q3,더불어민주당,재난·안전,국민안전행정지원,7,1135
2024-Q3,더불어민주당,재난·안전,복구지원,2,246
2024-Q3,더불어민주당,재난·안전,비상대비,2,100
2024-Q3,더불어민주당,재난·안전,안전및재난,5,1705
2024-Q3,더불어민주당,정부혁신·행정지원,국가적중장기과제추진·지원,2,457
2024-Q3,더불어민주당,정부혁신·행정지원,정부의전,3,326
2024-Q3,더불어민주당,정부혁신·행정지원,정부혁신,3,538
2024-Q3,더불어민주당,정부혁신·행정지원,조직관리,4,905
2024-Q3,더불어민주당,지방재정·기타,지방세,1,247
2024-Q3,더불어민주당,지방재정·기타,지방재정,1,117
2024-Q3,더불어민주당,지방행정,지방행정,1,377
2024-Q3,더불어민주당,지방행정,지역균형발전,2,382
2024-Q3,미분류,인공지능·디지털 정부,전자정부,1,10
2024-Q3,미분류,재난·안전,국민안전행정지원,6,875
2024-Q3,미분류,재난·안전,복구지원,2,72
2024-Q3,미분류,재난·안전,비상대비,2,44
2024-Q3,미분류,재난·안전,안전및재난,4,1450
2024-Q3,미분류,정부혁신·행정지원,국가적중장기과제추진·지원,2,522
2024-Q3,미분류,정부혁신·행정지원,정부의전,3,233
2024-Q3,미분류,정부혁신·행정지원,정부혁신,3,185
2024-Q3,미분류,정부혁신·행정지원,조직관리,2,822
2024-Q3,미분류,지방재정·기타,지방세,1,95
2024-Q3,미분류,지방재정·기타,지방재정,1,45
2024-Q3,미분류,지방행정,지방행정,1,145
2024-Q3,미분류,지방행정,지역균형발전,2,105
2024-Q3,조국혁신당,인공지능·디지털 정부,전자정부,1,2
2024-Q3,조국혁신당,재난·안전,국민안전행정지원,3,47
2024-Q3,조국혁신당,재난·안전,복구지원,2,5
2024-Q3,조국혁신당,재난·안전,비상대비,1,4
2024-Q3,조국혁신당,재난·안전,안전및재난,4,97
2024-Q3,조국혁신당,정부혁신·행정지원,국가적중장기과제추진·지원,1,29
2024-Q3,조국혁신당,정부혁신·행정지원,정부의전,2,9
2024-Q3,조국혁신당,정부혁신·행정지원,정부혁신,1,36
2024-Q3,조국혁신당,정부혁신·행정지원,조직관리,2,32
2024-Q3,조국혁신당,지방재정·기타,지방세,1,19
2024-Q3,조국혁신당,지방재정·기타,지방재정,1,9
2024-Q3,조국혁신당,지방행정,지방행정,1,29
2024-Q3,조국혁신당,지방행정,지역균형발전,1,19
2024-Q4,국민의힘,인공지능·디지털 정부,국가기록물,1,15
2024-Q4,국민의힘,인공지능·디지털 정부,전자정부,2,68
2024-Q4,국민의힘,재난·안전,국민안전행정지원,2,88
2024-Q4,국민의힘,재난·안전,복구지원,1,5
2024-Q4,국민의힘,재난·안전,비상대비,2,82
2024-Q4,국민의힘,재난·안전,안전및재난,2,682
2024-Q4,국민의힘,정부혁신·행정지원,국가적중장기과제추진·지원,1,15
2024-Q4,국민의힘,정부혁신·행정지원,정부의전,2,140
2024-Q4,국민의힘,정부혁신·행정지원,정부혁신,8,716
2024-Q4,국민의힘,정부혁신·행정지원,조직관리,2,46
2024-Q4,국민의힘,정부혁신·행정지원,청사관리,1,5
2024-Q4,국민의힘,지방재정·기타,이북5도,1,5
2024-Q4,국민의힘,지방재정·기타,지방세,3,7475
2024-Q4,국민의힘,지방재정·기타,지방재정,5,993
2024-Q4,국민의힘,지방행정,지방행정,4,609
2024-Q4,국민의힘,지방행정,지역균형발전,2,106
2024-Q4,기본소득당,재난·안전,비상대비,1,109
2024-Q4,기본소득당,정부혁신·행정지원,정부의전,1,21
2024-Q4,기본소득당,정부혁신·행정지원,정부혁신,3,69
2024-Q4,기본소득당,지방재정·기타,지방세,1,19
2024-Q4,기본소득당,지방재정·기타,지방재정,1,21
2024-Q4,기본소득당,지방행정,지방행정,1,1
2024-Q4,더불어민주당,인공지능·디지털 정부,국가기록물,1,39
2024-Q4,더불어민주당,인공지능·디지털 정부,전자정부,2,241
2024-Q4,더불어민주당,재난·안전,국민안전행정지원,3,294
2024-Q4,더불어민주당,재난·안전,복구지원,1,13
2024-Q4,더불어민주당,재난·안전,비상대비,2,1335
2024-Q4,더불어민주당,재난·안전,안전및재난,2,2458
2024-Q4,더불어민주당,정부혁신·행정지원,국가적중장기과제추진·지원,1,39
2024-Q4,더불어민주당,정부혁신·행정지원,정부의전,2,310
2024-Q4,더불어민주당,정부혁신·행정지원,정부혁신,10,2073
2024-Q4,더불어민주당,정부혁신·행정지원,조직관리,2,248
2024-Q4,더불어민주당,정부혁신·행정지원,청사관리,1,13
2024-Q4,더불어민주당,지방재정·기타,이북5도,1,13
2024-Q4,더불어민주당,지방재정·기타,지방세,4,56537
2024-Q4,더불어민주당,지방재정·기타,지방재정,5,5828
2024-Q4,더불어민주당,지방행정,지방행정,4,2487
2024-Q4,더불어민주당,지방행정,지역균형발전,2,297
2024-Q4,미분류,인공지능·디지털 정부,전자정부,1,27
2024-Q4,미분류,재난·안전,국민안전행정지원,1,27
2024-Q4,미분류,재난·안전,비상대비,1,1125
2024-Q4,미분류,재난·안전,안전및재난,1,288
2024-Q4,미분류,정부혁신·행정지원,정부의전,1,273
2024-Q4,미분류,정부혁신·행정지원,정부혁신,4,1073
2024-Q4,미분류,정부혁신·행정지원,조직관리,1,54
2024-Q4,미분류,지방재정·기타,지방세,3,39934
2024-Q4,미분류,지방재정·기타,지방재정,5,3739
2024-Q4,미분류,지방행정,지방행정,3,789
2024-Q4,미분류,지방행정,지역균형발전,1,9
2024-Q4,조국혁신당,인공지능·디지털 정부,전자정부,1,3
2024-Q4,조국혁신당,재난·안전,국민안전행정지원,1,3
2024-Q4,조국혁신당,재난·안전,비상대비,1,98
2024-Q4,조국혁신당,재난·안전,안전및재난,1,32
2024-Q4,조국혁신당,정부혁신·행정지원,정부의전,1,16
2024-Q4,조국혁신당,정부혁신·행정지원,정부혁신,3,61
2024-Q4,조국혁신당,정부혁신·행정지원,조직관리,1,6
2024-Q4,조국혁신당,지방재정·기타,지방재정,2,26
2024-Q4,조국혁신당,지방행정,지방행정,1,13
2024-Q4,조국혁신당,지방행정,지역균형발전,1,1
2025-Q1,국민의힘,재난·안전,국민안전행정지원,2,514
2025-Q1,국민의힘,재난·안전,안전및재난,2,276
2025-Q1,국민의힘,정부혁신·행정지원,정부혁신,2,295
2025-Q1,국민의힘,지방재정·기타,지방재정,2,503
2025-Q1,국민의힘,지방행정,지방행정,2,938
2025-Q1,국민의힘,지방행정,지역균형발전,2,1151
2025-Q1,기본소득당,재난·안전,안전및재난,1,22
2025-Q1,기본소득당,정부혁신·행정지원,정부의전,1,6
2025-Q1,기본소득당,정부혁신·행정지원,정부혁신,1,50
2025-Q1,더불어민주당,재난·안전,국민안전행정지원,2,1560
2025-Q1,더불어민주당,재난·안전,안전및재난,2,1019
2025-Q1,더불어민주당,정부혁신·행정지원,정부의전,1,10
2025-Q1,더불어민주당,정부혁신·행정지원,정부혁신,2,747
2025-Q1,더불어민주당,지방재정·기타,지방재정,2,1500
2025-Q1,더불어민주당,지방행정,지방행정,2,2940
2025-Q1,더불어민주당,지방행정,지역균형발전,2,3480
2025-Q1,미분류,재난·안전,국민안전행정지원,2,866
2025-Q1,미분류,재난·안전,안전및재난,2,817
2025-Q1,미분류,정부혁신·행정지원,정부혁신,2,825
2025-Q1,미분류,지방재정·기타,지방재정,2,821
2025-Q1,미분류,지방행정,지방행정,2,1673
2025-Q1,미분류,지방행정,지역균형발전,2,1926
2025-Q1,조국혁신당,재난·안전,국민안전행정지원,1,72
2025-Q1,조국혁신당,재난·안전,안전및재난,1,31
2025-Q1,조국혁신당,정부혁신·행정지원,정부혁신,1,21
2025-Q1,조국혁신당,지방재정·기타,지방재정,1,72
2025-Q1,조국혁신당,지방행정,지방행정,1,126
2025-Q1,조국혁신당,지방행정,지역균형발전,1,162
2025-Q2,국민의힘,지방재정·기타,지방재정,1,411
2025-Q2,기본소득당,재난·안전,국민안전행정지원,1,9
2025-Q2,기본소득당,지방재정·기타,지방재정,1,107
2025-Q2,기본소득당,지방행정,지역균형발전,1,3
2025-Q2,더불어민주당,재난·안전,국민안전행정지원,1,25
2025-Q2,더불어민주당,지방재정·기타,지방재정,1,706
2025-Q2,더불어민주당,지방행정,지역균형발전,1,3
2025-Q2,미분류,재난·안전,국민안전행정지원,1,26
2025-Q2,미분류,지방재정·기타,지방재정,1,655
2025-Q2,조국혁신당,지방재정·기타,지방재정,1,34
2025-Q3,국민의힘,인공지능·디지털 정부,국가기록물,1,8
2025-Q3,국민의힘,인공지능·디지털 정부,전자정부,1,1
2025-Q3,국민의힘,재난·안전,국민안전행정지원,1,15
2025-Q3,국민의힘,재난·안전,복구지원,2,205
2025-Q3,국민의힘,재난·안전,안전및재난,3,378
2025-Q3,국민의힘,정부혁신·행정지원,국가적중장기과제추진·지원,2,307
2025-Q3,국민의힘,정부혁신·행정지원,정부의전,4,2540
2025-Q3,국민의힘,정부혁신·행정지원,정부혁신,6,2978
2025-Q3,국민의힘,정부혁신·행정지원,조직관리,1,1
2025-Q3,국민의힘,지방재정·기타,지방세,2,104
2025-Q3,국민의힘,지방재정·기타,지방재정,5,514
2025-Q3,국민의힘,지방행정,자치인력개발,1,1
2025-Q3,국민의힘,지방행정,지방행정,4,1272
2025-Q3,국민의힘,지방행정,지역균형발전,3,828
2025-Q3,기본소득당,재난·안전,안전및재난,1,7
2025-Q3,기본소득당,정부혁신·행정지원,정부의전,1,88
2025-Q3,기본소득당,정부혁신·행정지원,정부혁신,3,39
2025-Q3,기본소득당,지방재정·기타,지방재정,1,3
2025-Q3,기본소득당,지방행정,지방행정,1,3
2025-Q3,더불어민주당,인공지능·디지털 정부,국가기록물,1,64
2025-Q3,더불어민주당,인공지능·디지털 정부,전자정부,1,8
2025-Q3,더불어민주당,재난·안전,국민안전행정지원,2,121
2025-Q3,더불어민주당,재난·안전,복구지원,2,457
2025-Q3,더불어민주당,재난·안전,안전및재난,3,1053
2025-Q3,더불어민주당,정부혁신·행정지원,국가적중장기과제추진·지원,2,638
2025-Q3,더불어민주당,정부혁신·행정지원,정부의전,4,6219
2025-Q3,더불어민주당,정부혁신·행정지원,정부혁신,6,6201
2025-Q3,더불어민주당,정부혁신·행정지원,조직관리,1,8
2025-Q3,더불어민주당,지방재정·기타,지방세,2,494
2025-Q3,더불어민주당,지방재정·기타,지방재정,5,1226
2025-Q3,더불어민주당,지방행정,자치인력개발,1,8
2025-Q3,더불어민주당,지방행정,지방행정,6,3509
2025-Q3,더불어민주당,지방행정,지역균형발전,3,1988
2025-Q3,미분류,재난·안전,복구지원,1,350
2025-Q3,미분류,재난·안전,안전및재난,2,130
2025-Q3,미분류,정부혁신·행정지원,국가적중장기과제추진·지원,1,608
2025-Q3,미분류,정부혁신·행정지원,정부의전,2,2325
2025-Q3,미분류,정부혁신·행정지원,정부혁신,4,324
2025-Q3,미분류,지방재정·기타,지방세,1,100
2025-Q3,미분류,지방재정·기타,지방재정,4,338
2025-Q3,미분류,지방행정,지방행정,3,2011
2025-Q3,미분류,지방행정,지역균형발전,2,1355
2025-Q3,조국혁신당,인공지능·디지털 정부,국가기록물,1,16
2025-Q3,조국혁신당,인공지능·디지털 정부,전자정부,1,2
2025-Q3,조국혁신당,재난·안전,국민안전행정지원,1,30
2025-Q3,조국혁신당,재난·안전,복구지원,2,67
2025-Q3,조국혁신당,재난·안전,안전및재난,2,133
2025-Q3,조국혁신당,정부혁신·행정지원,국가적중장기과제추진·지원,1,2
2025-Q3,조국혁신당,정부혁신·행정지원,정부의전,4,373
2025-Q3,조국혁신당,정부혁신·행정지원,정부혁신,5,305
2025-Q3,조국혁신당,정부혁신·행정지원,조직관리,1,2
2025-Q3,조국혁신당,지방재정·기타,지방세,2,110
2025-Q3,조국혁신당,지방재정·기타,지방재정,4,77
2025-Q3,조국혁신당,지방행정,자치인력개발,1,2
2025-Q3,조국혁신당,지방행정,지방행정,3,389
2025-Q3,조국혁신당,지방행정,지역균형발전,3,216
2025-Q4,국민의힘,인공지능·디지털 정부,국가기록물,1,7
2025-Q4,국민의힘,인공지능·디지털 정부,전자정부,1,42
2025-Q4,국민의힘,재난·안전,국민안전행정지원,1,42
2025-Q4,국민의힘,재난·안전,안전및재난,2,359
2025-Q4,국민의힘,정부혁신·행정지원,정부의전,1,168
2025-Q4,국민의힘,정부혁신·행정지원,정부혁신,4,120
2025-Q4,국민의힘,정부혁신·행정지원,조직관리,1,21
2025-Q4,국민의힘,지방재정·기타,지방세,1,25669
2025-Q4,국민의힘,지방재정·기타,지방재정,5,841
2025-Q4,국민의힘,지방행정,자치인력개발,1,546
2025-Q4,국민의힘,지방행정,지방행정,1,273
2025-Q4,기본소득당,인공지능·디지털 정부,국가기록물,2,9
2025-Q4,기본소득당,인공지능·디지털 정부,전자정부,2,51
2025-Q4,기본소득당,재난·안전,국민안전행정지원,2,59
2025-Q4,기본소득당,재난·안전,안전및재난,2,205
2025-Q4,기본소득당,정부혁신·행정지원,정부의전,1,192
2025-Q4,기본소득당,정부혁신·행정지원,정부혁신,3,60
2025-Q4,기본소득당,정부혁신·행정지원,조직관리,2,26
2025-Q4,기본소득당,지방재정·기타,지방세,1,9
2025-Q4,기본소득당,지방재정·기타,지방재정,2,58
2025-Q4,기본소득당,지방행정,자치인력개발,1,1
2025-Q4,기본소득당,지방행정,지방행정,2,337
2025-Q4,기본소득당,지방행정,지역균형발전,1,3
2025-Q4,더불어민주당,인공지능·디지털 정부,국가기록물,2,42
2025-Q4,더불어민주당,인공지능·디지털 정부,전자정부,2,210
2025-Q4,더불어민주당,재난·안전,국민안전행정지원,2,322
2025-Q4,더불어민주당,재난·안전,안전및재난,3,1508
2025-Q4,더불어민주당,정부혁신·행정지원,정부의전,1,672
2025-Q4,더불어민주당,정부혁신·행정지원,정부혁신,9,398
2025-Q4,더불어민주당,정부혁신·행정지원,조직관리,2,112
2025-Q4,더불어민주당,지방재정·기타,지방세,3,98260
2025-Q4,더불어민주당,지방재정·기타,지방재정,5,2985
2025-Q4,더불어민주당,지방행정,자치인력개발,2,963
2025-Q4,더불어민주당,지방행정,지방행정,2,1452
2025-Q4,더불어민주당,지방행정,지역균형발전,1,42
2025-Q4,미분류,인공지능·디지털 정부,국가기록물,1,7
2025-Q4,미분류,인공지능·디지털 정부,전자정부,1,42
2025-Q4,미분류,재난·안전,국민안전행정지원,1,42
2025-Q4,미분류,재난·안전,안전및재난,2,433
2025-Q4,미분류,정부혁신·행정지원,정부의전,1,168
2025-Q4,미분류,정부혁신·행정지원,정부혁신,4,59
2025-Q4,미분류,정부혁신·행정지원,조직관리,1,21
2025-Q4,미분류,지방재정·기타,지방세,2,134337
2025-Q4,미분류,지방재정·기타,지방재정,5,3857
2025-Q4,미분류,지방행정,자치인력개발,1,1058
2025-Q4,미분류,지방행정,지방행정,1,274
2025-Q4,조국혁신당,인공지능·디지털 정부,국가기록물,2,3
2025-Q4,조국혁신당,인공지능·디지털 정부,전자정부,2,12
2025-Q4,조국혁신당,재난·안전,국민안전행정지원,2,28
2025-Q4,조국혁신당,재난·안전,안전및재난,3,109
2025-Q4,조국혁신당,정부혁신·행정지원,정부의전,1,24
2025-Q4,조국혁신당,정부혁신·행정지원,정부혁신,3,24
2025-Q4,조국혁신당,정부혁신·행정지원,조직관리,2,7
2025-Q4,조국혁신당,지방재정·기타,지방세,2,2141
2025-Q4,조국혁신당,지방재정·기타,지방재정,3,102
2025-Q4,조국혁신당,지방행정,자치인력개발,2,46
2025-Q4,조국혁신당,지방행정,지방행정,2,89
2025-Q4,조국혁신당,지방행정,지역균형발전,1,6
2025-Q4,진보당,인공지능·디지털 정부,국가기록물,1,1
2025-Q4,진보당,인공지능·디지털 정부,전자정부,1,3
2025-Q4,진보당,재난·안전,국민안전행정지원,1,11
2025-Q4,진보당,재난·안전,안전및재난,1,37
2025-Q4,진보당,정부혁신·행정지원,정부혁신,1,9
2025-Q4,진보당,정부혁신·행정지원,조직관리,1,2
2025-Q4,진보당,지방재정·기타,지방세,1,9
2025-Q4,진보당,지방재정·기타,지방재정,1,4
2025-Q4,진보당,지방행정,자치인력개발,1,1
2025-Q4,진보당,지방행정,지방행정,1,25
2025-Q4,진보당,지방행정,지역균형발전,1,3
2026-Q1,국민의힘,정부혁신·행정지원,조직관리,1,185
2026-Q1,국민의힘,지방행정,지방행정,1,132
2026-Q1,기본소득당,정부혁신·행정지원,조직관리,1,13
2026-Q1,기본소득당,지방행정,지방행정,1,3
2026-Q1,더불어민주당,인공지능·디지털 정부,국가기록물,1,19
2026-Q1,더불어민주당,인공지능·디지털 정부,전자정부,1,38
2026-Q1,더불어민주당,재난·안전,국민안전행정지원,1,266
2026-Q1,더불어민주당,재난·안전,안전및재난,1,1083
2026-Q1,더불어민주당,재난·안전,재난예방,1,19
2026-Q1,더불어민주당,정부혁신·행정지원,국가적중장기과제추진·지원,1,38
2026-Q1,더불어민주당,정부혁신·행정지원,정부혁신,1,798
2026-Q1,더불어민주당,정부혁신·행정지원,조직관리,1,581
2026-Q1,더불어민주당,지방재정·기타,지방세,1,76
2026-Q1,더불어민주당,지방재정·기타,지방재정,1,190
2026-Q1,더불어민주당,지방행정,지방행정,2,843
2026-Q1,더불어민주당,지방행정,지역균형발전,1,247
2026-Q1,미분류,인공지능·디지털 정부,국가기록물,1,3
2026-Q1,미분류,인공지능·디지털 정부,전자정부,1,6
2026-Q1,미분류,재난·안전,국민안전행정지원,1,42
2026-Q1,미분류,재난·안전,안전및재난,1,171
2026-Q1,미분류,재난·안전,재난예방,1,3
2026-Q1,미분류,정부혁신·행정지원,국가적중장기과제추진·지원,1,6
2026-Q1,미분류,정부혁신·행정지원,정부혁신,1,126
2026-Q1,미분류,정부혁신·행정지원,조직관리,1,109
2026-Q1,미분류,지방재정·기타,지방세,1,12
2026-Q1,미분류,지방재정·기타,지방재정,1,30
2026-Q1,미분류,지방행정,지방행정,2,327
2026-Q1,미분류,지방행정,지역균형발전,1,39
2026-Q1,새로운미래,인공지능·디지털 정부,국가기록물,1,1
2026-Q1,새로운미래,인공지능·디지털 정부,전자정부,1,2
2026-Q1,새로운미래,재난·안전,국민안전행정지원,1,14
2026-Q1,새로운미래,재난·안전,안전및재난,1,57
2026-Q1,새로운미래,재난·안전,재난예방,1,1
2026-Q1,새로운미래,정부혁신·행정지원,국가적중장기과제추진·지원,1,2
2026-Q1,새로운미래,정부혁신·행정지원,정부혁신,1,42
2026-Q1,새로운미래,정부혁신·행정지원,조직관리,1,2
2026-Q1,새로운미래,지방재정·기타,지방세,1,4
2026-Q1,새로운미래,지방재정·기타,지방재정,1,10
2026-Q1,새로운미래,지방행정,지방행정,1,36
2026-Q1,새로운미래,지방행정,지역균형발전,1,13
2026-Q1,조국혁신당,인공지능·디지털 정부,국가기록물,1,5
2026-Q1,조국혁신당,인공지능·디지털 정부,전자정부,1,10
2026-Q1,조국혁신당,재난·안전,국민안전행정지원,1,70
2026-Q1,조국혁신당,재난·안전,안전및재난,1,285
2026-Q1,조국혁신당,재난·안전,재난예방,1,5
2026-Q1,조국혁신당,정부혁신·행정지원,국가적중장기과제추진·지원,1,10
2026-Q1,조국혁신당,정부혁신·행정지원,정부혁신,1,210
2026-Q1,조국혁신당,정부혁신·행정지원,조직관리,1,22
2026-Q1,조국혁신당,지방재정·기타,지방세,1,20
2026-Q1,조국혁신당,지방재정·기타,지방재정,1,50
2026-Q1,조국혁신당,지방행정,지방행정,2,183
2026-Q1,조국혁신당,지방행정,지역균형발전,1,65
2026-Q1,진보당,인공지능·디지털 정부,국가기록물,1,1
2026-Q1,진보당,인공지능·디지털 정부,전자정부,1,2
2026-Q1,진보당,재난·안전,국민안전행정지원,1,14
2026-Q1,진보당,재난·안전,안전및재난,1,57
2026-Q1,진보당,재난·안전,재난예방,1,1
2026-Q1,진보당,정부혁신·행정지원,국가적중장기과제추진·지원,1,2
2026-Q1,진보당,정부혁신·행정지원,정부혁신,1,42
2026-Q1,진보당,정부혁신·행정지원,조직관리,1,2
2026-Q1,진보당,지방재정·기타,지방세,1,4
2026-Q1,진보당,지방재정·기타,지방재정,1,10
2026-Q1,진보당,지방행정,지방행정,1,36
2026-Q1,진보당,지방행정,지역균형발전,1,13
