period,party,label_l2,meeting_count,mention_count,party_meetings,party_total_chars,meeting_presence_rate,mentions_per_10k_chars
2017-Q3,국민의당,인공지능·디지털 정부,0,0,3,36070,0.0,0.0
2017-Q3,국민의당,재난·안전,1,52,3,36070,0.333333,14.416413
2017-Q3,국민의당,정부혁신·행정지원,2,87,3,36070,0.666667,24.119767
2017-Q3,국민의당,지방재정·기타,3,88,3,36070,1.0,24.397006
2017-Q3,국민의당,지방행정,0,0,3,36070,0.0,0.0
2017-Q3,국민의힘,인공지능·디지털 정부,0,0,0,0,0.0,0.0
2017-Q3,국민의힘,재난·안전,0,0,0,0,0.0,0.0
2017-Q3,국민의힘,정부혁신·행정지원,0,0,0,0,0.0,0.0
2017-Q3,국민의힘,지방재정·기타,0,0,0,0,0.0,0.0
2017-Q3,국민의힘,지방행정,0,0,0,0,0.0,0.0
2017-Q3,기본소득당,인공지능·디지털 정부,0,0,0,0,0.0,0.0
2017-Q3,기본소득당,재난·안전,0,0,0,0,0.0,0.0
2017-Q3,기본소득당,정부혁신·행정지원,0,0,0,0,0.0,0.0
2017-Q3,기본소득당,지방재정·기타,0,0,0,0,0.0,0.0
2017-Q3,기본소득당,지방행정,0,0,0,0,0.0,0.0
2017-Q3,더불어민주당,인공지능·디지털 정부,0,0,3,69860,0.0,0.0
2017-Q3,더불어민주당,재난·안전,2,86,3,69860,0.666667,12.310335
2017-Q3,더불어민주당,정부혁신·행정지원,2,210,3,69860,0.666667,30.06012
2017-Q3,더불어민주당,지방재정·기타,2,199,3,69860,0.666667,28.485543
2017-Q3,더불어민주당,지방행정,0,0,3,69860,0.0,0.0
2017-Q3,미래통합당,인공지능·디지털 정부,0,0,0,0,0.0,0.0
2017-Q3,미래통합당,재난·안전,0,0,0,0,0.0,0.0
2017-Q3,미래통합당,정부혁신·행정지원,0,0,0,0,0.0,0.0
2017-Q3,미래통합당,지방재정·기타,0,0,0,0,0.0,0.0
2017-Q3,미래통합당,지방행정,0,0,0,0,0.0,0.0
2017-Q3,미분류,인공지능·디지털 정부,0,0,3,139146,0.0,0.0
2017-Q3,미분류,재난·안전,2,315,3,139146,0.666667,22.638092
2017-Q3,미분류,정부혁신·행정지원,3,400,3,139146,1.0,28.746784
2017-Q3,미분류,지방재정·기타,3,376,3,139146,1.0,27.021977
2017-Q3,미분류,지방행정,1,10,3,139146,0.333333,0.71867
2017-Q3,새누리당,인공지능·디지털 정부,0,0,3,71951,0.0,0.0
2017-Q3,새누리당,재난·안전,1,94,3,71951,0.333333,13.064447
2017-Q3,새누리당,정부혁신·행정지원,3,250,3,71951,1.0,34.745869
2017-Q3,새누리당,지방재정·기타,3,249,3,71951,1.0,34.606885
2017-Q3,새누리당,지방행정,1,1,3,71951,0.333333,0.138983
2017-Q3,새로운미래,인공지능·디지털 정부,0,0,0,0,0.0,0.0
2017-Q3,새로운미래,재난·안전,0,0,0,0,0.0,0.0
2017-Q3,새로운미래,정부혁신·행정지원,0,0,0,0,0.0,0.0
2017-Q3,새로운미래,지방재정·기타,0,0,0,0,0.0,0.0
2017-Q3,새로운미래,지방행정,0,0,0,0,0.0,0.0
2017-Q3,열린민주당,인공지능·디지털 정부,0,0,0,0,0.0,0.0
2017-Q3,열린민주당,재난·안전,0,0,0,0,0.0,0.0
2017-Q3,열린민주당,정부혁신·행정지원,0,0,0,0,0.0,0.0
2017-Q3,열린민주당,지방재정·기타,0,0,0,0,0.0,0.0
2017-Q3,열린민주당,지방행정,0,0,0,0,0.0,0.0
2017-Q3,정의당,인공지능·디지털 정부,0,0,0,0,0.0,0.0
2017-Q3,정의당,재난·안전,0,0,0,0,0.0,0.0
2017-Q3,정의당,정부혁신·행정지원,0,0,0,0,0.0,0.0
2017-Q3,정의당,지방재정·기타,0,0,0,0,0.0,0.0
2017-Q3,정의당,지방행정,0,0,0,0,0.0,0.0
2017-Q3,조국혁신당,인공지능·디지털 정부,0,0,0,0,0.0,0.0
2017-Q3,조국혁신당,재난·안전,0,0,0,0,0.0,0.0
2017-Q3,조국혁신당,정부혁신·행정지원,0,0,0,0,0.0,0.0
2017-Q3,조국혁신당,지방재정·기타,0,0,0,0,0.0,0.0
2017-Q3,조국혁신당,지방행정,0,0,0,0,0.0,0.0
2017-Q3,진보당,인공지능·디지털 정부,0,0,0,0,0.0,0.0
2017-Q3,진보당,재난·안전,0,0,0,0,0.0,0.0
2017-Q3,진보당,정부혁신·행정지원,0,0,0,0,0.0,0.0
2017-Q3,진보당,지방재정·기타,0,0,0,0,0.0,0.0
2017-Q3,진보당,지방행정,0,0,0,0,0.0,0.0
2017-Q4,국민의당,인공지능·디지털 정부,0,0,5,259287,0.0,0.0
2017-Q4,국민의당,재난·안전,2,87,5,259287,0.4,3.355355
2017-Q4,국민의당,정부혁신·행정지원,4,437,5,259287,0.8,16.853911
2017-Q4,국민의당,지방재정·기타,4,529,5,259287,0.8,20.402103
2017-Q4,국민의당,지방행정,2,82,5,259287,0.4,3.162519
2017-Q4,국민의힘,인공지능·디지털 정부,0,0,0,0,0.0,0.0
2017-Q4,국민의힘,재난·안전,0,0,0,0,0.0,0.0
2017-Q4,국민의힘,정부혁신·행정지원,0,0,0,0,0.0,0.0
2017-Q4,국민의힘,지방재정·기타,0,0,0,0,0.0,0.0
2017-Q4,국민의힘,지방행정,0,0,0,0,0.0,0.0
2017-Q4,기본소득당,인공지능·디지털 정부,0,0,0,0,0.0,0.0
2017-Q4,기본소득당,재난·안전,0,0,0,0,0.0,0.0
2017-Q4,기본소득당,정부혁신·행정지원,0,0,0,0,0.0,0.0
2017-Q4,기본소득당,지방재정·기타,0,0,0,0,0.0,0.0
2017-Q4,기본소득당,지방행정,0,0,0,0,0.0,0.0
2017-Q4,더불어민주당,인공지능·디지털 정부,0,0,6,665612,0.0,0.0
2017-Q4,더불어민주당,재난·안전,2,811,6,665612,0.333333,12.184276
2017-Q4,더불어민주당,정부혁신·행정지원,5,1469,6,665612,0.833333,22.069915
2017-Q4,더불어민주당,지방재정·기타,5,3641,6,665612,0.833333,54.701538
2017-Q4,더불어민주당,지방행정,2,760,6,665612,0.333333,11.418063
2017-Q4,미래통합당,인공지능·디지털 정부,0,0,0,0,0.0,0.0
2017-Q4,미래통합당,재난·안전,0,0,0,0,0.0,0.0
2017-Q4,미래통합당,정부혁신·행정지원,0,0,0,0,0.0,0.0
2017-Q4,미래통합당,지방재정·기타,0,0,0,0,0.0,0.0
2017-Q4,미래통합당,지방행정,0,0,0,0,0.0,0.0
2017-Q4,미분류,인공지능·디지털 정부,0,0,6,689866,0.0,0.0
2017-Q4,미분류,재난·안전,2,416,6,689866,0.333333,6.030157
2017-Q4,미분류,정부혁신·행정지원,5,2610,6,689866,0.833333,37.833434
2017-Q4,미분류,지방재정·기타,5,2452,6,689866,0.833333,35.543134
2017-Q4,미분류,지방행정,2,368,6,689866,0.333333,5.334369
2017-Q4,새누리당,인공지능·디지털 정부,0,0,6,646867,0.0,0.0
2017-Q4,새누리당,재난·안전,2,532,6,646867,0.333333,8.224256
2017-Q4,새누리당,정부혁신·행정지원,5,2241,6,646867,0.833333,34.643907
2017-Q4,새누리당,지방재정·기타,5,2944,6,646867,0.833333,45.511674
2017-Q4,새누리당,지방행정,2,496,6,646867,0.333333,7.667728
2017-Q4,새로운미래,인공지능·디지털 정부,0,0,0,0,0.0,0.0
2017-Q4,새로운미래,재난·안전,0,0,0,0,0.0,0.0
2017-Q4,새로운미래,정부혁신·행정지원,0,0,0,0,0.0,0.0
2017-Q4,새로운미래,지방재정·기타,0,0,0,0,0.0,0.0
2017-Q4,새로운미래,지방행정,0,0,0,0,0.0,0.0
2017-Q4,열린민주당,인공지능·디지털 정부,0,0,0,0,0.0,0.0
2017-Q4,열린민주당,재난·안전,0,0,0,0,0.0,0.0
2017-Q4,열린민주당,정부혁신·행정지원,0,0,0,0,0.0,0.0
2017-Q4,열린민주당,지방재정·기타,0,0,0,0,0.0,0.0
2017-Q4,열린민주당,지방행정,0,0,0,0,0.0,0.0
2017-Q4,정의당,인공지능·디지털 정부,0,0,0,0,0.0,0.0
2017-Q4,정의당,재난·안전,0,0,0,0,0.0,0.0
2017-Q4,정의당,정부혁신·행정지원,0,0,0,0,0.0,0.0
2017-Q4,정의당,지방재정·기타,0,0,0,0,0.0,0.0
2017-Q4,정의당,지방행정,0,0,0,0,0.0,0.0
2017-Q4,조국혁신당,인공지능·디지털 정부,0,0,0,0,0.0,0.0
2017-Q4,조국혁신당,재난·안전,0,0,0,0,0.0,0.0
2017-Q4,조국혁신당,정부혁신·행정지원,0,0,0,0,0.0,0.0
2017-Q4,조국혁신당,지방재정·기타,0,0,0,0,0.0,0.0
2017-Q4,조국혁신당,지방행정,0,0,0,0,0.0,0.0
2017-Q4,진보당,인공지능·디지털 정부,0,0,0,0,0.0,0.0
2017-Q4,진보당,재난·안전,0,0,0,0,0.0,0.0
2017-Q4,진보당,정부혁신·행정지원,0,0,0,0,0.0,0.0
2017-Q4,진보당,지방재정·기타,0,0,0,0,0.0,0.0
2017-Q4,진보당,지방행정,0,0,0,0,0.0,0.0
2018-Q1,국민의당,인공지능·디지털 정부,0,0,4,62100,0.0,0.0
2018-Q1,국민의당,재난·안전,2,100,4,62100,0.5,16.10306
2018-Q1,국민의당,정부혁신·행정지원,3,77,4,62100,0.75,12.399356
2018-Q1,국민의당,지방재정·기타,2,27,4,62100,0.5,4.347826
2018-Q1,국민의당,지방행정,1,31,4,62100,0.25,4.991948
2018-Q1,국민의힘,인공지능·디지털 정부,0,0,0,0,0.0,0.0
2018-Q1,국민의힘,재난·안전,0,0,0,0,0.0,0.0
2018-Q1,국민의힘,정부혁신·행정지원,0,0,0,0,0.0,0.0
2018-Q1,국민의힘,지방재정·기타,0,0,0,0,0.0,0.0
2018-Q1,국민의힘,지방행정,0,0,0,0,0.0,0.0
2018-Q1,기본소득당,인공지능·디지털 정부,0,0,0,0,0.0,0.0
2018-Q1,기본소득당,재난·안전,0,0,0,0,0.0,0.0
2018-Q1,기본소득당,정부혁신·행정지원,0,0,0,0,0.0,0.0
2018-Q1,기본소득당,지방재정·기타,0,0,0,0,0.0,0.0
2018-Q1,기본소득당,지방행정,0,0,0,0,0.0,0.0
2018-Q1,더불어민주당,인공지능·디지털 정부,1,3,5,188136,0.2,0.159459
2018-Q1,더불어민주당,재난·안전,4,694,5,188136,0.8,36.888209
2018-Q1,더불어민주당,정부혁신·행정지원,4,336,5,188136,0.8,17.859421
2018-Q1,더불어민주당,지방재정·기타,3,127,5,188136,0.6,6.750436
2018-Q1,더불어민주당,지방행정,2,4,5,188136,0.4,0.212612
2018-Q1,미래통합당,인공지능·디지털 정부,0,0,0,0,0.0,0.0
2018-Q1,미래통합당,재난·안전,0,0,0,0,0.0,0.0
2018-Q1,미래통합당,정부혁신·행정지원,0,0,0,0,0.0,0.0
2018-Q1,미래통합당,지방재정·기타,0,0,0,0,0.0,0.0
2018-Q1,미래통합당,지방행정,0,0,0,0,0.0,0.0
2018-Q1,미분류,인공지능·디지털 정부,1,33,5,282965,0.2,1.166222
2018-Q1,미분류,재난·안전,4,829,5,282965,0.8,29.29691
2018-Q1,미분류,정부혁신·행정지원,5,462,5,282965,1.0,16.327108
2018-Q1,미분류,지방재정·기타,3,141,5,282965,0.6,4.982948
2018-Q1,미분류,지방행정,2,49,5,282965,0.4,1.731663
2018-Q1,새누리당,인공지능·디지털 정부,1,3,4,117815,0.25,0.254637
2018-Q1,새누리당,재난·안전,4,463,4,117815,1.0,39.298901
2018-Q1,새누리당,정부혁신·행정지원,4,281,4,117815,1.0,23.850953
2018-Q1,새누리당,지방재정·기타,2,76,4,117815,0.5,6.450791
2018-Q1,새누리당,지방행정,1,2,4,117815,0.25,0.169758
2018-Q1,새로운미래,인공지능·디지털 정부,0,0,0,0,0.0,0.0
2018-Q1,새로운미래,재난·안전,0,0,0,0,0.0,0.0
2018-Q1,새로운미래,정부혁신·행정지원,0,0,0,0,0.0,0.0
2018-Q1,새로운미래,지방재정·기타,0,0,0,0,0.0,0.0
2018-Q1,새로운미래,지방행정,0,0,0,0,0.0,0.0
2018-Q1,열린민주당,인공지능·디지털 정부,0,0,0,0,0.0,0.0
2018-Q1,열린민주당,재난·안전,0,0,0,0,0.0,0.0
2018-Q1,열린민주당,정부혁신·행정지원,0,0,0,0,0.0,0.0
2018-Q1,열린민주당,지방재정·기타,0,0,0,0,0.0,0.0
2018-Q1,열린민주당,지방행정,0,0,0,0,0.0,0.0
2018-Q1,정의당,인공지능·디지털 정부,0,0,0,0,0.0,0.0
2018-Q1,정의당,재난·안전,0,0,0,0,0.0,0.0
2018-Q1,정의당,정부혁신·행정지원,0,0,0,0,0.0,0.0
2018-Q1,정의당,지방재정·기타,0,0,0,0,0.0,0.0
2018-Q1,정의당,지방행정,0,0,0,0,0.0,0.0
2018-Q1,조국혁신당,인공지능·디지털 정부,0,0,0,0,0.0,0.0
2018-Q1,조국혁신당,재난·안전,0,0,0,0,0.0,0.0
2018-Q1,조국혁신당,정부혁신·행정지원,0,0,0,0,0.0,0.0
2018-Q1,조국혁신당,지방재정·기타,0,0,0,0,0.0,0.0
2018-Q1,조국혁신당,지방행정,0,0,0,0,0.0,0.0
2018-Q1,진보당,인공지능·디지털 정부,0,0,0,0,0.0,0.0
2018-Q1,진보당,재난·안전,0,0,0,0,0.0,0.0
2018-Q1,진보당,정부혁신·행정지원,0,0,0,0,0.0,0.0
2018-Q1,진보당,지방재정·기타,0,0,0,0,0.0,0.0
2018-Q1,진보당,지방행정,0,0,0,0,0.0,0.0
2018-Q2,국민의당,인공지능·디지털 정부,0,0,1,12759,0.0,0.0
2018-Q2,국민의당,재난·안전,1,2,1,12759,1.0,1.567521
2018-Q2,국민의당,정부혁신·행정지원,1,67,1,12759,1.0,52.511952
2018-Q2,국민의당,지방재정·기타,0,0,1,12759,0.0,0.0
2018-Q2,국민의당,지방행정,0,0,1,12759,0.0,0.0
2018-Q2,국민의힘,인공지능·디지털 정부,0,0,0,0,0.0,0.0
2018-Q2,국민의힘,재난·안전,0,0,0,0,0.0,0.0
2018-Q2,국민의힘,정부혁신·행정지원,0,0,0,0,0.0,0.0
2018-Q2,국민의힘,지방재정·기타,0,0,0,0,0.0,0.0
2018-Q2,국민의힘,지방행정,0,0,0,0,0.0,0.0
2018-Q2,기본소득당,인공지능·디지털 정부,0,0,0,0,0.0,0.0
2018-Q2,기본소득당,재난·안전,0,0,0,0,0.0,0.0
2018-Q2,기본소득당,정부혁신·행정지원,0,0,0,0,0.0,0.0
2018-Q2,기본소득당,지방재정·기타,0,0,0,0,0.0,0.0
2018-Q2,기본소득당,지방행정,0,0,0,0,0.0,0.0
2018-Q2,더불어민주당,인공지능·디지털 정부,0,0,1,23031,0.0,0.0
2018-Q2,더불어민주당,재난·안전,1,7,1,23031,1.0,3.039382
2018-Q2,더불어민주당,정부혁신·행정지원,1,129,1,23031,1.0,56.011463
2018-Q2,더불어민주당,지방재정·기타,0,0,1,23031,0.0,0.0
2018-Q2,더불어민주당,지방행정,0,0,1,23031,0.0,0.0
2018-Q2,미래통합당,인공지능·디지털 정부,0,0,0,0,0.0,0.0
2018-Q2,미래통합당,재난·안전,0,0,0,0,0.0,0.0
2018-Q2,미래통합당,정부혁신·행정지원,0,0,0,0,0.0,0.0
2018-Q2,미래통합당,지방재정·기타,0,0,0,0,0.0,0.0
2018-Q2,미래통합당,지방행정,0,0,0,0,0.0,0.0
2018-Q2,미분류,인공지능·디지털 정부,0,0,1,23359,0.0,0.0
2018-Q2,미분류,재난·안전,1,16,1,23359,1.0,6.849608
2018-Q2,미분류,정부혁신·행정지원,1,342,1,23359,1.0,146.410377
2018-Q2,미분류,지방재정·기타,0,0,1,23359,0.0,0.0
2018-Q2,미분류,지방행정,0,0,1,23359,0.0,0.0
2018-Q2,새누리당,인공지능·디지털 정부,0,0,1,20185,0.0,0.0
2018-Q2,새누리당,재난·안전,1,6,1,20185,1.0,2.972504
2018-Q2,새누리당,정부혁신·행정지원,1,163,1,20185,1.0,80.753034
2018-Q2,새누리당,지방재정·기타,0,0,1,20185,0.0,0.0
2018-Q2,새누리당,지방행정,0,0,1,20185,0.0,0.0
2018-Q2,새로운미래,인공지능·디지털 정부,0,0,0,0,0.0,0.0
2018-Q2,새로운미래,재난·안전,0,0,0,0,0.0,0.0
2018-Q2,새로운미래,정부혁신·행정지원,0,0,0,0,0.0,0.0
2018-Q2,새로운미래,지방재정·기타,0,0,0,0,0.0,0.0
2018-Q2,새로운미래,지방행정,0,0,0,0,0.0,0.0
2018-Q2,열린민주당,인공지능·디지털 정부,0,0,0,0,0.0,0.0
2018-Q2,열린민주당,재난·안전,0,0,0,0,0.0,0.0
2018-Q2,열린민주당,정부혁신·행정지원,0,0,0,0,0.0,0.0
2018-Q2,열린민주당,지방재정·기타,0,0,0,0,0.0,0.0
2018-Q2,열린민주당,지방행정,0,0,0,0,0.0,0.0
2018-Q2,정의당,인공지능·디지털 정부,0,0,0,0,0.0,0.0
2018-Q2,정의당,재난·안전,0,0,0,0,0.0,0.0
2018-Q2,정의당,정부혁신·행정지원,0,0,0,0,0.0,0.0
2018-Q2,정의당,지방재정·기타,0,0,0,0,0.0,0.0
2018-Q2,정의당,지방행정,0,0,0,0,0.0,0.0
2018-Q2,조국혁신당,인공지능·디지털 정부,0,0,0,0,0.0,0.0
2018-Q2,조국혁신당,재난·안전,0,0,0,0,0.0,0.0
2018-Q2,조국혁신당,정부혁신·행정지원,0,0,0,0,0.0,0.0
2018-Q2,조국혁신당,지방재정·기타,0,0,0,0,0.0,0.0
2018-Q2,조국혁신당,지방행정,0,0,0,0,0.0,0.0
2018-Q2,진보당,인공지능·디지털 정부,0,0,0,0,0.0,0.0
2018-Q2,진보당,재난·안전,0,0,0,0,0.0,0.0
2018-Q2,진보당,정부혁신·행정지원,0,0,0,0,0.0,0.0
2018-Q2,진보당,지방재정·기타,0,0,0,0,0.0,0.0
2018-Q2,진보당,지방행정,0,0,0,0,0.0,0.0
2018-Q3,국민의당,인공지능·디지털 정부,0,0,8,82296,0.0,0.0
2018-Q3,국민의당,재난·안전,3,155,8,82296,0.375,18.834451
2018-Q3,국민의당,정부혁신·행정지원,6,189,8,82296,0.75,22.965879
2018-Q3,국민의당,지방재정·기타,3,64,8,82296,0.375,7.776806
2018-Q3,국민의당,지방행정,2,38,8,82296,0.25,4.617478
2018-Q3,국민의힘,인공지능·디지털 정부,0,0,0,0,0.0,0.0
2018-Q3,국민의힘,재난·안전,0,0,0,0,0.0,0.0
2018-Q3,국민의힘,정부혁신·행정지원,0,0,0,0,0.0,0.0
2018-Q3,국민의힘,지방재정·기타,0,0,0,0,0.0,0.0
2018-Q3,국민의힘,지방행정,0,0,0,0,0.0,0.0
2018-Q3,기본소득당,인공지능·디지털 정부,0,0,0,0,0.0,0.0
2018-Q3,기본소득당,재난·안전,0,0,0,0,0.0,0.0
2018-Q3,기본소득당,정부혁신·행정지원,0,0,0,0,0.0,0.0
2018-Q3,기본소득당,지방재정·기타,0,0,0,0,0.0,0.0
2018-Q3,기본소득당,지방행정,0,0,0,0,0.0,0.0
2018-Q3,더불어민주당,인공지능·디지털 정부,0,0,8,469370,0.0,0.0
2018-Q3,더불어민주당,재난·안전,5,1127,8,469370,0.625,24.010908
2018-Q3,더불어민주당,정부혁신·행정지원,6,1009,8,469370,0.75,21.4969
2018-Q3,더불어민주당,지방재정·기타,3,385,8,469370,0.375,8.202484
2018-Q3,더불어민주당,지방행정,3,337,8,469370,0.375,7.179837
2018-Q3,미래통합당,인공지능·디지털 정부,0,0,1,4864,0.0,0.0
2018-Q3,미래통합당,재난·안전,1,34,1,4864,1.0,69.901316
2018-Q3,미래통합당,정부혁신·행정지원,0,0,1,4864,0.0,0.0
2018-Q3,미래통합당,지방재정·기타,0,0,1,4864,0.0,0.0
2018-Q3,미래통합당,지방행정,0,0,1,4864,0.0,0.0
2018-Q3,미분류,인공지능·디지털 정부,0,0,8,389464,0.0,0.0
2018-Q3,미분류,재난·안전,2,1806,8,389464,0.25,46.371423
2018-Q3,미분류,정부혁신·행정지원,6,1199,8,389464,0.75,30.785901
2018-Q3,미분류,지방재정·기타,3,440,8,389464,0.375,11.297578
2018-Q3,미분류,지방행정,2,31,8,389464,0.25,0.795966
2018-Q3,새누리당,인공지능·디지털 정부,0,0,8,287219,0.0,0.0
2018-Q3,새누리당,재난·안전,3,667,8,287219,0.375,23.222698
2018-Q3,새누리당,정부혁신·행정지원,6,717,8,287219,0.75,24.96353
2018-Q3,새누리당,지방재정·기타,3,355,8,287219,0.375,12.359907
2018-Q3,새누리당,지방행정,2,160,8,287219,0.25,5.570662
2018-Q3,새로운미래,인공지능·디지털 정부,0,0,0,0,0.0,0.0
2018-Q3,새로운미래,재난·안전,0,0,0,0,0.0,0.0
2018-Q3,새로운미래,정부혁신·행정지원,0,0,0,0,0.0,0.0
2018-Q3,새로운미래,지방재정·기타,0,0,0,0,0.0,0.0
2018-Q3,새로운미래,지방행정,0,0,0,0,0.0,0.0
2018-Q3,열린민주당,인공지능·디지털 정부,0,0,0,0,0.0,0.0
2018-Q3,열린민주당,재난·안전,0,0,0,0,0.0,0.0
2018-Q3,열린민주당,정부혁신·행정지원,0,0,0,0,0.0,0.0
2018-Q3,열린민주당,지방재정·기타,0,0,0,0,0.0,0.0
2018-Q3,열린민주당,지방행정,0,0,0,0,0.0,0.0
2018-Q3,정의당,인공지능·디지털 정부,0,0,0,0,0.0,0.0
2018-Q3,정의당,재난·안전,0,0,0,0,0.0,0.0
2018-Q3,정의당,정부혁신·행정지원,0,0,0,0,0.0,0.0
2018-Q3,정의당,지방재정·기타,0,0,0,0,0.0,0.0
2018-Q3,정의당,지방행정,0,0,0,0,0.0,0.0
2018-Q3,조국혁신당,인공지능·디지털 정부,0,0,0,0,0.0,0.0
2018-Q3,조국혁신당,재난·안전,0,0,0,0,0.0,0.0
2018-Q3,조국혁신당,정부혁신·행정지원,0,0,0,0,0.0,0.0
2018-Q3,조국혁신당,지방재정·기타,0,0,0,0,0.0,0.0
2018-Q3,조국혁신당,지방행정,0,0,0,0,0.0,0.0
2018-Q3,진보당,인공지능·디지털 정부,0,0,0,0,0.0,0.0
2018-Q3,진보당,재난·안전,0,0,0,0,0.0,0.0
2018-Q3,진보당,정부혁신·행정지원,0,0,0,0,0.0,0.0
2018-Q3,진보당,지방재정·기타,0,0,0,0,0.0,0.0
2018-Q3,진보당,지방행정,0,0,0,0,0.0,0.0
2018-Q4,국민의당,인공지능·디지털 정부,0,0,6,454749,0.0,0.0
2018-Q4,국민의당,재난·안전,3,1021,6,454749,0.5,22.451946
2018-Q4,국민의당,정부혁신·행정지원,3,303,6,454749,0.5,6.663016
2018-Q4,국민의당,지방재정·기타,6,3439,6,454749,1.0,75.624136
2018-Q4,국민의당,지방행정,2,11,6,454749,0.333333,0.241892
2018-Q4,국민의힘,인공지능·디지털 정부,0,0,0,0,0.0,0.0
2018-Q4,국민의힘,재난·안전,0,0,0,0,0.0,0.0
2018-Q4,국민의힘,정부혁신·행정지원,0,0,0,0,0.0,0.0
2018-Q4,국민의힘,지방재정·기타,0,0,0,0,0.0,0.0
2018-Q4,국민의힘,지방행정,0,0,0,0,0.0,0.0
2018-Q4,기본소득당,인공지능·디지털 정부,0,0,0,0,0.0,0.0
2018-Q4,기본소득당,재난·안전,0,0,0,0,0.0,0.0
2018-Q4,기본소득당,정부혁신·행정지원,0,0,0,0,0.0,0.0
2018-Q4,기본소득당,지방재정·기타,0,0,0,0,0.0,0.0
2018-Q4,기본소득당,지방행정,0,0,0,0,0.0,0.0
2018-Q4,더불어민주당,인공지능·디지털 정부,0,0,9,1469468,0.0,0.0
2018-Q4,더불어민주당,재난·안전,4,3143,9,1469468,0.444444,21.388693
2018-Q4,더불어민주당,정부혁신·행정지원,3,1196,9,1469468,0.333333,8.139
2018-Q4,더불어민주당,지방재정·기타,7,13435,9,1469468,0.777778,91.427646
2018-Q4,더불어민주당,지방행정,6,441,9,1469468,0.666667,3.001086
2018-Q4,미래통합당,인공지능·디지털 정부,0,0,0,0,0.0,0.0
2018-Q4,미래통합당,재난·안전,0,0,0,0,0.0,0.0
2018-Q4,미래통합당,정부혁신·행정지원,0,0,0,0,0.0,0.0
2018-Q4,미래통합당,지방재정·기타,0,0,0,0,0.0,0.0
2018-Q4,미래통합당,지방행정,0,0,0,0,0.0,0.0
2018-Q4,미분류,인공지능·디지털 정부,0,0,7,3035542,0.0,0.0
2018-Q4,미분류,재난·안전,4,1887,7,3035542,0.571429,6.216353
2018-Q4,미분류,정부혁신·행정지원,3,1116,7,3035542,0.428571,3.676444
2018-Q4,미분류,지방재정·기타,7,15923,7,3035542,1.0,52.455212
2018-Q4,미분류,지방행정,3,413,7,3035542,0.428571,1.360548
2018-Q4,새누리당,인공지능·디지털 정부,0,0,7,847083,0.0,0.0
2018-Q4,새누리당,재난·안전,4,1948,7,847083,0.571429,22.996566
2018-Q4,새누리당,정부혁신·행정지원,3,1297,7,847083,0.428571,15.311369
2018-Q4,새누리당,지방재정·기타,7,7006,7,847083,1.0,82.707362
2018-Q4,새누리당,지방행정,4,317,7,847083,0.571429,3.742254
2018-Q4,새로운미래,인공지능·디지털 정부,0,0,0,0,0.0,0.0
2018-Q4,새로운미래,재난·안전,0,0,0,0,0.0,0.0
2018-Q4,새로운미래,정부혁신·행정지원,0,0,0,0,0.0,0.0
2018-Q4,새로운미래,지방재정·기타,0,0,0,0,0.0,0.0
2018-Q4,새로운미래,지방행정,0,0,0,0,0.0,0.0
2018-Q4,열린민주당,인공지능·디지털 정부,0,0,0,0,0.0,0.0
2018-Q4,열린민주당,재난·안전,0,0,0,0,0.0,0.0
2018-Q4,열린민주당,정부혁신·행정지원,0,0,0,0,0.0,0.0
2018-Q4,열린민주당,지방재정·기타,0,0,0,0,0.0,0.0
2018-Q4,열린민주당,지방행정,0,0,0,0,0.0,0.0
2018-Q4,정의당,인공지능·디지털 정부,0,0,0,0,0.0,0.0
2018-Q4,정의당,재난·안전,0,0,0,0,0.0,0.0
2018-Q4,정의당,정부혁신·행정지원,0,0,0,0,0.0,0.0
2018-Q4,정의당,지방재정·기타,0,0,0,0,0.0,0.0
2018-Q4,정의당,지방행정,0,0,0,0,0.0,0.0
2018-Q4,조국혁신당,인공지능·디지털 정부,0,0,0,0,0.0,0.0
2018-Q4,조국혁신당,재난·안전,0,0,0,0,0.0,0.0
2018-Q4,조국혁신당,정부혁신·행정지원,0,0,0,0,0.0,0.0
2018-Q4,조국혁신당,지방재정·기타,0,0,0,0,0.0,0.0
2018-Q4,조국혁신당,지방행정,0,0,0,0,0.0,0.0
2018-Q4,진보당,인공지능·디지털 정부,0,0,0,0,0.0,0.0
2018-Q4,진보당,재난·안전,0,0,0,0,0.0,0.0
2018-Q4,진보당,정부혁신·행정지원,0,0,0,0,0.0,0.0
2018-Q4,진보당,지방재정·기타,0,0,0,0,0.0,0.0
2018-Q4,진보당,지방행정,0,0,0,0,0.0,0.0
2019-Q1,국민의당,인공지능·디지털 정부,0,0,6,45372,0.0,0.0
2019-Q1,국민의당,재난·안전,2,17,6,45372,0.333333,3.746804
2019-Q1,국민의당,정부혁신·행정지원,4,264,6,45372,0.666667,58.185665
2019-Q1,국민의당,지방재정·기타,0,0,6,45372,0.0,0.0
2019-Q1,국민의당,지방행정,0,0,6,45372,0.0,0.0
2019-Q1,국민의힘,인공지능·디지털 정부,0,0,0,0,0.0,0.0
2019-Q1,국민의힘,재난·안전,0,0,0,0,0.0,0.0
2019-Q1,국민의힘,정부혁신·행정지원,0,0,0,0,0.0,0.0
2019-Q1,국민의힘,지방재정·기타,0,0,0,0,0.0,0.0
2019-Q1,국민의힘,지방행정,0,0,0,0,0.0,0.0
2019-Q1,기본소득당,인공지능·디지털 정부,0,0,0,0,0.0,0.0
2019-Q1,기본소득당,재난·안전,0,0,0,0,0.0,0.0
2019-Q1,기본소득당,정부혁신·행정지원,0,0,0,0,0.0,0.0
2019-Q1,기본소득당,지방재정·기타,0,0,0,0,0.0,0.0
2019-Q1,기본소득당,지방행정,0,0,0,0,0.0,0.0
2019-Q1,더불어민주당,인공지능·디지털 정부,1,34,7,257560,0.142857,1.320081
2019-Q1,더불어민주당,재난·안전,4,120,7,257560,0.571429,4.659109
2019-Q1,더불어민주당,정부혁신·행정지원,6,1750,7,257560,0.857143,67.945333
2019-Q1,더불어민주당,지방재정·기타,1,68,7,257560,0.142857,2.640162
2019-Q1,더불어민주당,지방행정,3,112,7,257560,0.428571,4.348501
2019-Q1,미래통합당,인공지능·디지털 정부,0,0,0,0,0.0,0.0
2019-Q1,미래통합당,재난·안전,0,0,0,0,0.0,0.0
2019-Q1,미래통합당,정부혁신·행정지원,0,0,0,0,0.0,0.0
2019-Q1,미래통합당,지방재정·기타,0,0,0,0,0.0,0.0
2019-Q1,미래통합당,지방행정,0,0,0,0,0.0,0.0
2019-Q1,미분류,인공지능·디지털 정부,1,10,7,182373,0.142857,0.548327
2019-Q1,미분류,재난·안전,4,31,7,182373,0.571429,1.699813
2019-Q1,미분류,정부혁신·행정지원,4,1138,7,182373,0.571429,62.399588
2019-Q1,미분류,지방재정·기타,1,20,7,182373,0.142857,1.096654
2019-Q1,미분류,지방행정,2,31,7,182373,0.285714,1.699813
2019-Q1,새누리당,인공지능·디지털 정부,1,6,6,165671,0.166667,0.362164
2019-Q1,새누리당,재난·안전,3,22,6,165671,0.5,1.327933
2019-Q1,새누리당,정부혁신·행정지원,4,909,6,165671,0.666667,54.86778
2019-Q1,새누리당,지방재정·기타,1,12,6,165671,0.166667,0.724327
2019-Q1,새누리당,지방행정,1,15,6,165671,0.166667,0.905409
2019-Q1,새로운미래,인공지능·디지털 정부,0,0,0,0,0.0,0.0
2019-Q1,새로운미래,재난·안전,0,0,0,0,0.0,0.0
2019-Q1,새로운미래,정부혁신·행정지원,0,0,0,0,0.0,0.0
2019-Q1,새로운미래,지방재정·기타,0,0,0,0,0.0,0.0
2019-Q1,새로운미래,지방행정,0,0,0,0,0.0,0.0
2019-Q1,열린민주당,인공지능·디지털 정부,0,0,0,0,0.0,0.0
2019-Q1,열린민주당,재난·안전,0,0,0,0,0.0,0.0
2019-Q1,열린민주당,정부혁신·행정지원,0,0,0,0,0.0,0.0
2019-Q1,열린민주당,지방재정·기타,0,0,0,0,0.0,0.0
2019-Q1,열린민주당,지방행정,0,0,0,0,0.0,0.0
2019-Q1,정의당,인공지능·디지털 정부,0,0,0,0,0.0,0.0
2019-Q1,정의당,재난·안전,0,0,0,0,0.0,0.0
2019-Q1,정의당,정부혁신·행정지원,0,0,0,0,0.0,0.0
2019-Q1,정의당,지방재정·기타,0,0,0,0,0.0,0.0
2019-Q1,정의당,지방행정,0,0,0,0,0.0,0.0
2019-Q1,조국혁신당,인공지능·디지털 정부,0,0,0,0,0.0,0.0
2019-Q1,조국혁신당,재난·안전,0,0,0,0,0.0,0.0
2019-Q1,조국혁신당,정부혁신·행정지원,0,0,0,0,0.0,0.0
2019-Q1,조국혁신당,지방재정·기타,0,0,0,0,0.0,0.0
2019-Q1,조국혁신당,지방행정,0,0,0,0,0.0,0.0
2019-Q1,진보당,인공지능·디지털 정부,0,0,0,0,0.0,0.0
2019-Q1,진보당,재난·안전,0,0,0,0,0.0,0.0
2019-Q1,진보당,정부혁신·행정지원,0,0,0,0,0.0,0.0
2019-Q1,진보당,지방재정·기타,0,0,0,0,0.0,0.0
2019-Q1,진보당,지방행정,0,0,0,0,0.0,0.0
2019-Q2,국민의당,인공지능·디지털 정부,0,0,2,75467,0.0,0.0
2019-Q2,국민의당,재난·안전,2,378,2,75467,1.0,50.088118
2019-Q2,국민의당,정부혁신·행정지원,1,78,2,75467,0.5,10.335643
2019-Q2,국민의당,지방재정·기타,1,108,2,75467,0.5,14.310891
2019-Q2,국민의당,지방행정,1,162,2,75467,0.5,21.466336
2019-Q2,국민의힘,인공지능·디지털 정부,0,0,1,3443,0.0,0.0
2019-Q2,국민의힘,재난·안전,1,39,1,3443,1.0,113.273308
2019-Q2,국민의힘,정부혁신·행정지원,0,0,1,3443,0.0,0.0
2019-Q2,국민의힘,지방재정·기타,0,0,1,3443,0.0,0.0
2019-Q2,국민의힘,지방행정,0,0,1,3443,0.0,0.0
2019-Q2,기본소득당,인공지능·디지털 정부,0,0,0,0,0.0,0.0
2019-Q2,기본소득당,재난·안전,0,0,0,0,0.0,0.0
2019-Q2,기본소득당,정부혁신·행정지원,0,0,0,0,0.0,0.0
2019-Q2,기본소득당,지방재정·기타,0,0,0,0,0.0,0.0
2019-Q2,기본소득당,지방행정,0,0,0,0,0.0,0.0
2019-Q2,더불어민주당,인공지능·디지털 정부,0,0,3,121342,0.0,0.0
2019-Q2,더불어민주당,재난·안전,2,1026,3,121342,0.666667,84.5544
2019-Q2,더불어민주당,정부혁신·행정지원,2,190,3,121342,0.666667,15.658222
2019-Q2,더불어민주당,지방재정·기타,1,102,3,121342,0.333333,8.405993
2019-Q2,더불어민주당,지방행정,1,153,3,121342,0.333333,12.608989
2019-Q2,미래통합당,인공지능·디지털 정부,0,0,0,0,0.0,0.0
2019-Q2,미래통합당,재난·안전,0,0,0,0,0.0,0.0
2019-Q2,미래통합당,정부혁신·행정지원,0,0,0,0,0.0,0.0
2019-Q2,미래통합당,지방재정·기타,0,0,0,0,0.0,0.0
2019-Q2,미래통합당,지방행정,0,0,0,0,0.0,0.0
2019-Q2,미분류,인공지능·디지털 정부,0,0,2,257144,0.0,0.0
2019-Q2,미분류,재난·안전,2,2336,2,257144,1.0,90.844041
2019-Q2,미분류,정부혁신·행정지원,1,72,2,257144,0.5,2.799988
2019-Q2,미분류,지방재정·기타,1,150,2,257144,0.5,5.833307
2019-Q2,미분류,지방행정,1,225,2,257144,0.5,8.749961
2019-Q2,새누리당,인공지능·디지털 정부,0,0,3,50744,0.0,0.0
2019-Q2,새누리당,재난·안전,2,380,3,50744,0.666667,74.885701
2019-Q2,새누리당,정부혁신·행정지원,2,14,3,50744,0.666667,2.758947
2019-Q2,새누리당,지방재정·기타,1,2,3,50744,0.333333,0.394135
2019-Q2,새누리당,지방행정,1,3,3,50744,0.333333,0.591203
2019-Q2,새로운미래,인공지능·디지털 정부,0,0,0,0,0.0,0.0
2019-Q2,새로운미래,재난·안전,0,0,0,0,0.0,0.0
2019-Q2,새로운미래,정부혁신·행정지원,0,0,0,0,0.0,0.0
2019-Q2,새로운미래,지방재정·기타,0,0,0,0,0.0,0.0
2019-Q2,새로운미래,지방행정,0,0,0,0,0.0,0.0
2019-Q2,열린민주당,인공지능·디지털 정부,0,0,0,0,0.0,0.0
2019-Q2,열린민주당,재난·안전,0,0,0,0,0.0,0.0
2019-Q2,열린민주당,정부혁신·행정지원,0,0,0,0,0.0,0.0
2019-Q2,열린민주당,지방재정·기타,0,0,0,0,0.0,0.0
2019-Q2,열린민주당,지방행정,0,0,0,0,0.0,0.0
2019-Q2,정의당,인공지능·디지털 정부,0,0,0,0,0.0,0.0
2019-Q2,정의당,재난·안전,0,0,0,0,0.0,0.0
2019-Q2,정의당,정부혁신·행정지원,0,0,0,0,0.0,0.0
2019-Q2,정의당,지방재정·기타,0,0,0,0,0.0,0.0
2019-Q2,정의당,지방행정,0,0,0,0,0.0,0.0
2019-Q2,조국혁신당,인공지능·디지털 정부,0,0,0,0,0.0,0.0
2019-Q2,조국혁신당,재난·안전,0,0,0,0,0.0,0.0
2019-Q2,조국혁신당,정부혁신·행정지원,0,0,0,0,0.0,0.0
2019-Q2,조국혁신당,지방재정·기타,0,0,0,0,0.0,0.0
2019-Q2,조국혁신당,지방행정,0,0,0,0,0.0,0.0
2019-Q2,진보당,인공지능·디지털 정부,0,0,0,0,0.0,0.0
2019-Q2,진보당,재난·안전,0,0,0,0,0.0,0.0
2019-Q2,진보당,정부혁신·행정지원,0,0,0,0,0.0,0.0
2019-Q2,진보당,지방재정·기타,0,0,0,0,0.0,0.0
2019-Q2,진보당,지방행정,0,0,0,0,0.0,0.0
2019-Q3,국민의당,인공지능·디지털 정부,0,0,3,9114,0.0,0.0
2019-Q3,국민의당,재난·안전,0,0,3,9114,0.0,0.0
2019-Q3,국민의당,정부혁신·행정지원,2,19,3,9114,0.666667,20.847048
2019-Q3,국민의당,지방재정·기타,2,58,3,9114,0.666667,63.638359
2019-Q3,국민의당,지방행정,0,0,3,9114,0.0,0.0
2019-Q3,국민의힘,인공지능·디지털 정부,0,0,0,0,0.0,0.0
2019-Q3,국민의힘,재난·안전,0,0,0,0,0.0,0.0
2019-Q3,국민의힘,정부혁신·행정지원,0,0,0,0,0.0,0.0
2019-Q3,국민의힘,지방재정·기타,0,0,0,0,0.0,0.0
2019-Q3,국민의힘,지방행정,0,0,0,0,0.0,0.0
2019-Q3,기본소득당,인공지능·디지털 정부,0,0,0,0,0.0,0.0
2019-Q3,기본소득당,재난·안전,0,0,0,0,0.0,0.0
2019-Q3,기본소득당,정부혁신·행정지원,0,0,0,0,0.0,0.0
2019-Q3,기본소득당,지방재정·기타,0,0,0,0,0.0,0.0
2019-Q3,기본소득당,지방행정,0,0,0,0,0.0,0.0
2019-Q3,더불어민주당,인공지능·디지털 정부,1,27,7,140296,0.142857,1.924502
2019-Q3,더불어민주당,재난·안전,1,108,7,140296,0.142857,7.69801
2019-Q3,더불어민주당,정부혁신·행정지원,5,396,7,140296,0.714286,28.226036
2019-Q3,더불어민주당,지방재정·기타,5,539,7,140296,0.714286,38.418772
2019-Q3,더불어민주당,지방행정,1,54,7,140296,0.142857,3.849005
2019-Q3,미래통합당,인공지능·디지털 정부,0,0,0,0,0.0,0.0
2019-Q3,미래통합당,재난·안전,0,0,0,0,0.0,0.0
2019-Q3,미래통합당,정부혁신·행정지원,0,0,0,0,0.0,0.0
2019-Q3,미래통합당,지방재정·기타,0,0,0,0,0.0,0.0
2019-Q3,미래통합당,지방행정,0,0,0,0,0.0,0.0
2019-Q3,미분류,인공지능·디지털 정부,1,32,7,73954,0.142857,4.327014
2019-Q3,미분류,재난·안전,1,128,7,73954,0.142857,17.308056
2019-Q3,미분류,정부혁신·행정지원,4,292,7,73954,0.571429,39.484004
2019-Q3,미분류,지방재정·기타,4,365,7,73954,0.571429,49.355004
2019-Q3,미분류,지방행정,1,64,7,73954,0.142857,8.654028
2019-Q3,새누리당,인공지능·디지털 정부,1,44,6,120977,0.166667,3.637055
2019-Q3,새누리당,재난·안전,1,176,6,120977,0.166667,14.54822
2019-Q3,새누리당,정부혁신·행정지원,5,190,6,120977,0.833333,15.705465
2019-Q3,새누리당,지방재정·기타,4,177,6,120977,0.666667,14.63088
2019-Q3,새누리당,지방행정,1,88,6,120977,0.166667,7.27411
2019-Q3,새로운미래,인공지능·디지털 정부,0,0,0,0,0.0,0.0
2019-Q3,새로운미래,재난·안전,0,0,0,0,0.0,0.0
2019-Q3,새로운미래,정부혁신·행정지원,0,0,0,0,0.0,0.0
2019-Q3,새로운미래,지방재정·기타,0,0,0,0,0.0,0.0
2019-Q3,새로운미래,지방행정,0,0,0,0,0.0,0.0
2019-Q3,열린민주당,인공지능·디지털 정부,0,0,0,0,0.0,0.0
2019-Q3,열린민주당,재난·안전,0,0,0,0,0.0,0.0
2019-Q3,열린민주당,정부혁신·행정지원,0,0,0,0,0.0,0.0
2019-Q3,열린민주당,지방재정·기타,0,0,0,0,0.0,0.0
2019-Q3,열린민주당,지방행정,0,0,0,0,0.0,0.0
2019-Q3,정의당,인공지능·디지털 정부,0,0,0,0,0.0,0.0
2019-Q3,정의당,재난·안전,0,0,0,0,0.0,0.0
2019-Q3,정의당,정부혁신·행정지원,0,0,0,0,0.0,0.0
2019-Q3,정의당,지방재정·기타,0,0,0,0,0.0,0.0
2019-Q3,정의당,지방행정,0,0,0,0,0.0,0.0
2019-Q3,조국혁신당,인공지능·디지털 정부,0,0,0,0,0.0,0.0
2019-Q3,조국혁신당,재난·안전,0,0,0,0,0.0,0.0
2019-Q3,조국혁신당,정부혁신·행정지원,0,0,0,0,0.0,0.0
2019-Q3,조국혁신당,지방재정·기타,0,0,0,0,0.0,0.0
2019-Q3,조국혁신당,지방행정,0,0,0,0,0.0,0.0
2019-Q3,진보당,인공지능·디지털 정부,0,0,0,0,0.0,0.0
2019-Q3,진보당,재난·안전,0,0,0,0,0.0,0.0
2019-Q3,진보당,정부혁신·행정지원,0,0,0,0,0.0,0.0
2019-Q3,진보당,지방재정·기타,0,0,0,0,0.0,0.0
2019-Q3,진보당,지방행정,0,0,0,0,0.0,0.0
2019-Q4,국민의당,인공지능·디지털 정부,1,1,3,8747,0.333333,1.143249
2019-Q4,국민의당,재난·안전,2,27,3,8747,0.666667,30.867726
2019-Q4,국민의당,정부혁신·행정지원,2,10,3,8747,0.666667,11.432491
2019-Q4,국민의당,지방재정·기타,2,8,3,8747,0.666667,9.145993
2019-Q4,국민의당,지방행정,1,2,3,8747,0.333333,2.286498
2019-Q4,국민의힘,인공지능·디지털 정부,0,0,0,0,0.0,0.0
2019-Q4,국민의힘,재난·안전,0,0,0,0,0.0,0.0
2019-Q4,국민의힘,정부혁신·행정지원,0,0,0,0,0.0,0.0
2019-Q4,국민의힘,지방재정·기타,0,0,0,0,0.0,0.0
2019-Q4,국민의힘,지방행정,0,0,0,0,0.0,0.0
2019-Q4,기본소득당,인공지능·디지털 정부,0,0,0,0,0.0,0.0
2019-Q4,기본소득당,재난·안전,0,0,0,0,0.0,0.0
2019-Q4,기본소득당,정부혁신·행정지원,0,0,0,0,0.0,0.0
2019-Q4,기본소득당,지방재정·기타,0,0,0,0,0.0,0.0
2019-Q4,기본소득당,지방행정,0,0,0,0,0.0,0.0
2019-Q4,더불어민주당,인공지능·디지털 정부,2,100,8,517866,0.25,1.931001
2019-Q4,더불어민주당,재난·안전,4,1546,8,517866,0.5,29.853283
2019-Q4,더불어민주당,정부혁신·행정지원,6,629,8,517866,0.75,12.145999
2019-Q4,더불어민주당,지방재정·기타,5,1603,8,517866,0.625,30.953953
2019-Q4,더불어민주당,지방행정,1,62,8,517866,0.125,1.197221
2019-Q4,미래통합당,인공지능·디지털 정부,0,0,0,0,0.0,0.0
2019-Q4,미래통합당,재난·안전,0,0,0,0,0.0,0.0
2019-Q4,미래통합당,정부혁신·행정지원,0,0,0,0,0.0,0.0
2019-Q4,미래통합당,지방재정·기타,0,0,0,0,0.0,0.0
2019-Q4,미래통합당,지방행정,0,0,0,0,0.0,0.0
2019-Q4,미분류,인공지능·디지털 정부,2,49,6,317271,0.333333,1.544421
2019-Q4,미분류,재난·안전,4,830,6,317271,0.666667,26.160601
2019-Q4,미분류,정부혁신·행정지원,4,340,6,317271,0.666667,10.716391
2019-Q4,미분류,지방재정·기타,5,1251,6,317271,0.833333,39.430014
2019-Q4,미분류,지방행정,1,20,6,317271,0.166667,0.630376
2019-Q4,새누리당,인공지능·디지털 정부,2,34,6,294981,0.333333,1.152617
2019-Q4,새누리당,재난·안전,4,603,6,294981,0.666667,20.441995
2019-Q4,새누리당,정부혁신·행정지원,3,198,6,294981,0.5,6.712297
2019-Q4,새누리당,지방재정·기타,5,764,6,294981,0.833333,25.899973
2019-Q4,새누리당,지방행정,1,2,6,294981,0.166667,0.067801
2019-Q4,새로운미래,인공지능·디지털 정부,0,0,0,0,0.0,0.0
2019-Q4,새로운미래,재난·안전,0,0,0,0,0.0,0.0
2019-Q4,새로운미래,정부혁신·행정지원,0,0,0,0,0.0,0.0
2019-Q4,새로운미래,지방재정·기타,0,0,0,0,0.0,0.0
2019-Q4,새로운미래,지방행정,0,0,0,0,0.0,0.0
2019-Q4,열린민주당,인공지능·디지털 정부,0,0,0,0,0.0,0.0
2019-Q4,열린민주당,재난·안전,0,0,0,0,0.0,0.0
2019-Q4,열린민주당,정부혁신·행정지원,0,0,0,0,0.0,0.0
2019-Q4,열린민주당,지방재정·기타,0,0,0,0,0.0,0.0
2019-Q4,열린민주당,지방행정,0,0,0,0,0.0,0.0
2019-Q4,정의당,인공지능·디지털 정부,0,0,0,0,0.0,0.0
2019-Q4,정의당,재난·안전,0,0,0,0,0.0,0.0
2019-Q4,정의당,정부혁신·행정지원,0,0,0,0,0.0,0.0
2019-Q4,정의당,지방재정·기타,0,0,0,0,0.0,0.0
2019-Q4,정의당,지방행정,0,0,0,0,0.0,0.0
2019-Q4,조국혁신당,인공지능·디지털 정부,0,0,0,0,0.0,0.0
2019-Q4,조국혁신당,재난·안전,0,0,0,0,0.0,0.0
2019-Q4,조국혁신당,정부혁신·행정지원,0,0,0,0,0.0,0.0
2019-Q4,조국혁신당,지방재정·기타,0,0,0,0,0.0,0.0
2019-Q4,조국혁신당,지방행정,0,0,0,0,0.0,0.0
2019-Q4,진보당,인공지능·디지털 정부,0,0,0,0,0.0,0.0
2019-Q4,진보당,재난·안전,0,0,0,0,0.0,0.0
2019-Q4,진보당,정부혁신·행정지원,0,0,0,0,0.0,0.0
2019-Q4,진보당,지방재정·기타,0,0,0,0,0.0,0.0
2019-Q4,진보당,지방행정,0,0,0,0,0.0,0.0
2020-Q1,국민의당,인공지능·디지털 정부,0,0,1,1363,0.0,0.0
2020-Q1,국민의당,재난·안전,0,0,1,1363,0.0,0.0
2020-Q1,국민의당,정부혁신·행정지원,1,8,1,1363,1.0,58.694057
2020-Q1,국민의당,지방재정·기타,0,0,1,1363,0.0,0.0
2020-Q1,국민의당,지방행정,0,0,1,1363,0.0,0.0
2020-Q1,국민의힘,인공지능·디지털 정부,0,0,0,0,0.0,0.0
2020-Q1,국민의힘,재난·안전,0,0,0,0,0.0,0.0
2020-Q1,국민의힘,정부혁신·행정지원,0,0,0,0,0.0,0.0
2020-Q1,국민의힘,지방재정·기타,0,0,0,0,0.0,0.0
2020-Q1,국민의힘,지방행정,0,0,0,0,0.0,0.0
2020-Q1,기본소득당,인공지능·디지털 정부,0,0,0,0,0.0,0.0
2020-Q1,기본소득당,재난·안전,0,0,0,0,0.0,0.0
2020-Q1,기본소득당,정부혁신·행정지원,0,0,0,0,0.0,0.0
2020-Q1,기본소득당,지방재정·기타,0,0,0,0,0.0,0.0
2020-Q1,기본소득당,지방행정,0,0,0,0,0.0,0.0
2020-Q1,더불어민주당,인공지능·디지털 정부,0,0,5,85722,0.0,0.0
2020-Q1,더불어민주당,재난·안전,1,165,5,85722,0.2,19.248268
2020-Q1,더불어민주당,정부혁신·행정지원,4,139,5,85722,0.8,16.215207
2020-Q1,더불어민주당,지방재정·기타,2,254,5,85722,0.4,29.630667
2020-Q1,더불어민주당,지방행정,0,0,5,85722,0.0,0.0
2020-Q1,미래통합당,인공지능·디지털 정부,0,0,0,0,0.0,0.0
2020-Q1,미래통합당,재난·안전,0,0,0,0,0.0,0.0
2020-Q1,미래통합당,정부혁신·행정지원,0,0,0,0,0.0,0.0
2020-Q1,미래통합당,지방재정·기타,0,0,0,0,0.0,0.0
2020-Q1,미래통합당,지방행정,0,0,0,0,0.0,0.0
2020-Q1,미분류,인공지능·디지털 정부,0,0,5,20978,0.0,0.0
2020-Q1,미분류,재난·안전,1,30,5,20978,0.2,14.300696
2020-Q1,미분류,정부혁신·행정지원,3,113,5,20978,0.6,53.865955
2020-Q1,미분류,지방재정·기타,2,38,5,20978,0.4,18.114215
2020-Q1,미분류,지방행정,0,0,5,20978,0.0,0.0
2020-Q1,새누리당,인공지능·디지털 정부,0,0,4,29184,0.0,0.0
2020-Q1,새누리당,재난·안전,1,84,4,29184,0.25,28.782895
2020-Q1,새누리당,정부혁신·행정지원,2,46,4,29184,0.5,15.762061
2020-Q1,새누리당,지방재정·기타,2,42,4,29184,0.5,14.391447
2020-Q1,새누리당,지방행정,0,0,4,29184,0.0,0.0
2020-Q1,새로운미래,인공지능·디지털 정부,0,0,0,0,0.0,0.0
2020-Q1,새로운미래,재난·안전,0,0,0,0,0.0,0.0
2020-Q1,새로운미래,정부혁신·행정지원,0,0,0,0,0.0,0.0
2020-Q1,새로운미래,지방재정·기타,0,0,0,0,0.0,0.0
2020-Q1,새로운미래,지방행정,0,0,0,0,0.0,0.0
2020-Q1,열린민주당,인공지능·디지털 정부,0,0,0,0,0.0,0.0
2020-Q1,열린민주당,재난·안전,0,0,0,0,0.0,0.0
2020-Q1,열린민주당,정부혁신·행정지원,0,0,0,0,0.0,0.0
2020-Q1,열린민주당,지방재정·기타,0,0,0,0,0.0,0.0
2020-Q1,열린민주당,지방행정,0,0,0,0,0.0,0.0
2020-Q1,정의당,인공지능·디지털 정부,0,0,0,0,0.0,0.0
2020-Q1,정의당,재난·안전,0,0,0,0,0.0,0.0
2020-Q1,정의당,정부혁신·행정지원,0,0,0,0,0.0,0.0
2020-Q1,정의당,지방재정·기타,0,0,0,0,0.0,0.0
2020-Q1,정의당,지방행정,0,0,0,0,0.0,0.0
2020-Q1,조국혁신당,인공지능·디지털 정부,0,0,0,0,0.0,0.0
2020-Q1,조국혁신당,재난·안전,0,0,0,0,0.0,0.0
2020-Q1,조국혁신당,정부혁신·행정지원,0,0,0,0,0.0,0.0
2020-Q1,조국혁신당,지방재정·기타,0,0,0,0,0.0,0.0
2020-Q1,조국혁신당,지방행정,0,0,0,0,0.0,0.0
2020-Q1,진보당,인공지능·디지털 정부,0,0,0,0,0.0,0.0
2020-Q1,진보당,재난·안전,0,0,0,0,0.0,0.0
2020-Q1,진보당,정부혁신·행정지원,0,0,0,0,0.0,0.0
2020-Q1,진보당,지방재정·기타,0,0,0,0,0.0,0.0
2020-Q1,진보당,지방행정,0,0,0,0,0.0,0.0
2020-Q2,국민의당,인공지능·디지털 정부,1,22,1,75720,1.0,2.905441
2020-Q2,국민의당,재난·안전,1,264,1,75720,1.0,34.865293
2020-Q2,국민의당,정부혁신·행정지원,1,110,1,75720,1.0,14.527205
2020-Q2,국민의당,지방재정·기타,1,22,1,75720,1.0,2.905441
2020-Q2,국민의당,지방행정,1,22,1,75720,1.0,2.905441
2020-Q2,국민의힘,인공지능·디지털 정부,0,0,0,0,0.0,0.0
2020-Q2,국민의힘,재난·안전,0,0,0,0,0.0,0.0
2020-Q2,국민의힘,정부혁신·행정지원,0,0,0,0,0.0,0.0
2020-Q2,국민의힘,지방재정·기타,0,0,0,0,0.0,0.0
2020-Q2,국민의힘,지방행정,0,0,0,0,0.0,0.0
2020-Q2,기본소득당,인공지능·디지털 정부,0,0,0,0,0.0,0.0
2020-Q2,기본소득당,재난·안전,0,0,0,0,0.0,0.0
2020-Q2,기본소득당,정부혁신·행정지원,0,0,0,0,0.0,0.0
2020-Q2,기본소득당,지방재정·기타,0,0,0,0,0.0,0.0
2020-Q2,기본소득당,지방행정,0,0,0,0,0.0,0.0
2020-Q2,더불어민주당,인공지능·디지털 정부,1,88,4,313305,0.25,2.808765
2020-Q2,더불어민주당,재난·안전,1,1056,4,313305,0.25,33.705175
2020-Q2,더불어민주당,정부혁신·행정지원,3,443,4,313305,0.75,14.139576
2020-Q2,더불어민주당,지방재정·기타,4,361,4,313305,1.0,11.522319
2020-Q2,더불어민주당,지방행정,2,122,4,313305,0.5,3.893969
2020-Q2,미래통합당,인공지능·디지털 정부,0,0,0,0,0.0,0.0
2020-Q2,미래통합당,재난·안전,0,0,0,0,0.0,0.0
2020-Q2,미래통합당,정부혁신·행정지원,0,0,0,0,0.0,0.0
2020-Q2,미래통합당,지방재정·기타,0,0,0,0,0.0,0.0
2020-Q2,미래통합당,지방행정,0,0,0,0,0.0,0.0
2020-Q2,미분류,인공지능·디지털 정부,1,49,4,118289,0.25,4.142397
2020-Q2,미분류,재난·안전,1,588,4,118289,0.25,49.708764
2020-Q2,미분류,정부혁신·행정지원,2,246,4,118289,0.5,20.796524
2020-Q2,미분류,지방재정·기타,4,302,4,118289,1.0,25.530692
2020-Q2,미분류,지방행정,2,62,4,118289,0.5,5.2414
2020-Q2,새누리당,인공지능·디지털 정부,1,39,3,208925,0.333333,1.866699
2020-Q2,새누리당,재난·안전,1,468,3,208925,0.333333,22.400383
2020-Q2,새누리당,정부혁신·행정지원,1,195,3,208925,0.333333,9.333493
2020-Q2,새누리당,지방재정·기타,3,149,3,208925,1.0,7.131746
2020-Q2,새누리당,지방행정,2,51,3,208925,0.666667,2.441067
2020-Q2,새로운미래,인공지능·디지털 정부,0,0,0,0,0.0,0.0
2020-Q2,새로운미래,재난·안전,0,0,0,0,0.0,0.0
2020-Q2,새로운미래,정부혁신·행정지원,0,0,0,0,0.0,0.0
2020-Q2,새로운미래,지방재정·기타,0,0,0,0,0.0,0.0
2020-Q2,새로운미래,지방행정,0,0,0,0,0.0,0.0
2020-Q2,열린민주당,인공지능·디지털 정부,0,0,0,0,0.0,0.0
2020-Q2,열린민주당,재난·안전,0,0,0,0,0.0,0.0
2020-Q2,열린민주당,정부혁신·행정지원,0,0,0,0,0.0,0.0
2020-Q2,열린민주당,지방재정·기타,0,0,0,0,0.0,0.0
2020-Q2,열린민주당,지방행정,0,0,0,0,0.0,0.0
2020-Q2,정의당,인공지능·디지털 정부,0,0,0,0,0.0,0.0
2020-Q2,정의당,재난·안전,0,0,0,0,0.0,0.0
2020-Q2,정의당,정부혁신·행정지원,0,0,0,0,0.0,0.0
2020-Q2,정의당,지방재정·기타,0,0,0,0,0.0,0.0
2020-Q2,정의당,지방행정,0,0,0,0,0.0,0.0
2020-Q2,조국혁신당,인공지능·디지털 정부,0,0,0,0,0.0,0.0
2020-Q2,조국혁신당,재난·안전,0,0,0,0,0.0,0.0
2020-Q2,조국혁신당,정부혁신·행정지원,0,0,0,0,0.0,0.0
2020-Q2,조국혁신당,지방재정·기타,0,0,0,0,0.0,0.0
2020-Q2,조국혁신당,지방행정,0,0,0,0,0.0,0.0
2020-Q2,진보당,인공지능·디지털 정부,0,0,0,0,0.0,0.0
2020-Q2,진보당,재난·안전,0,0,0,0,0.0,0.0
2020-Q2,진보당,정부혁신·행정지원,0,0,0,0,0.0,0.0
2020-Q2,진보당,지방재정·기타,0,0,0,0,0.0,0.0
2020-Q2,진보당,지방행정,0,0,0,0,0.0,0.0
2020-Q3,국민의당,인공지능·디지털 정부,0,0,0,0,0.0,0.0
2020-Q3,국민의당,재난·안전,0,0,0,0,0.0,0.0
2020-Q3,국민의당,정부혁신·행정지원,0,0,0,0,0.0,0.0
2020-Q3,국민의당,지방재정·기타,0,0,0,0,0.0,0.0
2020-Q3,국민의당,지방행정,0,0,0,0,0.0,0.0
2020-Q3,국민의힘,인공지능·디지털 정부,0,0,0,0,0.0,0.0
2020-Q3,국민의힘,재난·안전,0,0,0,0,0.0,0.0
2020-Q3,국민의힘,정부혁신·행정지원,0,0,0,0,0.0,0.0
2020-Q3,국민의힘,지방재정·기타,0,0,0,0,0.0,0.0
2020-Q3,국민의힘,지방행정,0,0,0,0,0.0,0.0
2020-Q3,기본소득당,인공지능·디지털 정부,0,0,0,0,0.0,0.0
2020-Q3,기본소득당,재난·안전,0,0,0,0,0.0,0.0
2020-Q3,기본소득당,정부혁신·행정지원,0,0,0,0,0.0,0.0
2020-Q3,기본소득당,지방재정·기타,0,0,0,0,0.0,0.0
2020-Q3,기본소득당,지방행정,0,0,0,0,0.0,0.0
2020-Q3,더불어민주당,인공지능·디지털 정부,1,24,9,357129,0.111111,0.672026
2020-Q3,더불어민주당,재난·안전,3,479,9,357129,0.333333,13.41252
2020-Q3,더불어민주당,정부혁신·행정지원,6,566,9,357129,0.666667,15.848615
2020-Q3,더불어민주당,지방재정·기타,6,420,9,357129,0.666667,11.760456
2020-Q3,더불어민주당,지방행정,2,97,9,357129,0.222222,2.716105
2020-Q3,미래통합당,인공지능·디지털 정부,1,12,9,185217,0.111111,0.647889
2020-Q3,미래통합당,재난·안전,3,306,9,185217,0.333333,16.521162
2020-Q3,미래통합당,정부혁신·행정지원,6,485,9,185217,0.666667,26.185501
2020-Q3,미래통합당,지방재정·기타,6,353,9,185217,0.666667,19.058726
2020-Q3,미래통합당,지방행정,1,48,9,185217,0.111111,2.591555
2020-Q3,미분류,인공지능·디지털 정부,1,47,9,577803,0.111111,0.813426
2020-Q3,미분류,재난·안전,3,1349,9,577803,0.333333,23.347058
2020-Q3,미분류,정부혁신·행정지원,6,2084,9,577803,0.666667,36.067656
2020-Q3,미분류,지방재정·기타,6,1490,9,577803,0.666667,25.787336
2020-Q3,미분류,지방행정,1,188,9,577803,0.111111,3.253704
2020-Q3,새누리당,인공지능·디지털 정부,0,0,1,850,0.0,0.0
2020-Q3,새누리당,재난·안전,1,3,1,850,1.0,35.294118
2020-Q3,새누리당,정부혁신·행정지원,0,0,1,850,0.0,0.0
2020-Q3,새누리당,지방재정·기타,0,0,1,850,0.0,0.0
2020-Q3,새누리당,지방행정,0,0,1,850,0.0,0.0
2020-Q3,새로운미래,인공지능·디지털 정부,0,0,0,0,0.0,0.0
2020-Q3,새로운미래,재난·안전,0,0,0,0,0.0,0.0
2020-Q3,새로운미래,정부혁신·행정지원,0,0,0,0,0.0,0.0
2020-Q3,새로운미래,지방재정·기타,0,0,0,0,0.0,0.0
2020-Q3,새로운미래,지방행정,0,0,0,0,0.0,0.0
2020-Q3,열린민주당,인공지능·디지털 정부,0,0,0,0,0.0,0.0
2020-Q3,열린민주당,재난·안전,0,0,0,0,0.0,0.0
2020-Q3,열린민주당,정부혁신·행정지원,0,0,0,0,0.0,0.0
2020-Q3,열린민주당,지방재정·기타,0,0,0,0,0.0,0.0
2020-Q3,열린민주당,지방행정,0,0,0,0,0.0,0.0
2020-Q3,정의당,인공지능·디지털 정부,0,0,0,0,0.0,0.0
2020-Q3,정의당,재난·안전,0,0,0,0,0.0,0.0
2020-Q3,정의당,정부혁신·행정지원,0,0,0,0,0.0,0.0
2020-Q3,정의당,지방재정·기타,0,0,0,0,0.0,0.0
2020-Q3,정의당,지방행정,0,0,0,0,0.0,0.0
2020-Q3,조국혁신당,인공지능·디지털 정부,0,0,0,0,0.0,0.0
2020-Q3,조국혁신당,재난·안전,0,0,0,0,0.0,0.0
2020-Q3,조국혁신당,정부혁신·행정지원,0,0,0,0,0.0,0.0
2020-Q3,조국혁신당,지방재정·기타,0,0,0,0,0.0,0.0
2020-Q3,조국혁신당,지방행정,0,0,0,0,0.0,0.0
2020-Q3,진보당,인공지능·디지털 정부,0,0,0,0,0.0,0.0
2020-Q3,진보당,재난·안전,0,0,0,0,0.0,0.0
2020-Q3,진보당,정부혁신·행정지원,0,0,0,0,0.0,0.0
2020-Q3,진보당,지방재정·기타,0,0,0,0,0.0,0.0
2020-Q3,진보당,지방행정,0,0,0,0,0.0,0.0
2020-Q4,국민의당,인공지능·디지털 정부,0,0,0,0,0.0,0.0
2020-Q4,국민의당,재난·안전,0,0,0,0,0.0,0.0
2020-Q4,국민의당,정부혁신·행정지원,0,0,0,0,0.0,0.0
2020-Q4,국민의당,지방재정·기타,0,0,0,0,0.0,0.0
2020-Q4,국민의당,지방행정,0,0,0,0,0.0,0.0
2020-Q4,국민의힘,인공지능·디지털 정부,0,0,0,0,0.0,0.0
2020-Q4,국민의힘,재난·안전,0,0,0,0,0.0,0.0
2020-Q4,국민의힘,정부혁신·행정지원,0,0,0,0,0.0,0.0
2020-Q4,국민의힘,지방재정·기타,0,0,0,0,0.0,0.0
2020-Q4,국민의힘,지방행정,0,0,0,0,0.0,0.0
2020-Q4,기본소득당,인공지능·디지털 정부,0,0,0,0,0.0,0.0
2020-Q4,기본소득당,재난·안전,0,0,0,0,0.0,0.0
2020-Q4,기본소득당,정부혁신·행정지원,0,0,0,0,0.0,0.0
2020-Q4,기본소득당,지방재정·기타,0,0,0,0,0.0,0.0
2020-Q4,기본소득당,지방행정,0,0,0,0,0.0,0.0
2020-Q4,더불어민주당,인공지능·디지털 정부,2,54,14,675138,0.142857,0.799836
2020-Q4,더불어민주당,재난·안전,4,925,14,675138,0.285714,13.700903
2020-Q4,더불어민주당,정부혁신·행정지원,11,1170,14,675138,0.785714,17.32979
2020-Q4,더불어민주당,지방재정·기타,6,654,14,675138,0.428571,9.686908
2020-Q4,더불어민주당,지방행정,7,890,14,675138,0.5,13.18249
2020-Q4,미래통합당,인공지능·디지털 정부,2,15,8,337347,0.25,0.444646
2020-Q4,미래통합당,재난·안전,4,375,8,337347,0.5,11.11615
2020-Q4,미래통합당,정부혁신·행정지원,7,509,8,337347,0.875,15.088322
2020-Q4,미래통합당,지방재정·기타,5,249,8,337347,0.625,7.381124
2020-Q4,미래통합당,지방행정,5,514,8,337347,0.625,15.236537
2020-Q4,미분류,인공지능·디지털 정부,2,74,11,906085,0.181818,0.8167
2020-Q4,미분류,재난·안전,4,1877,11,906085,0.363636,20.715496
2020-Q4,미분류,정부혁신·행정지원,8,1163,11,906085,0.727273,12.83544
2020-Q4,미분류,지방재정·기타,6,977,11,906085,0.545455,10.782653
2020-Q4,미분류,지방행정,6,1941,11,906085,0.545455,21.421831
2020-Q4,새누리당,인공지능·디지털 정부,0,0,0,0,0.0,0.0
2020-Q4,새누리당,재난·안전,0,0,0,0,0.0,0.0
2020-Q4,새누리당,정부혁신·행정지원,0,0,0,0,0.0,0.0
2020-Q4,새누리당,지방재정·기타,0,0,0,0,0.0,0.0
2020-Q4,새누리당,지방행정,0,0,0,0,0.0,0.0
2020-Q4,새로운미래,인공지능·디지털 정부,0,0,0,0,0.0,0.0
2020-Q4,새로운미래,재난·안전,0,0,0,0,0.0,0.0
2020-Q4,새로운미래,정부혁신·행정지원,0,0,0,0,0.0,0.0
2020-Q4,새로운미래,지방재정·기타,0,0,0,0,0.0,0.0
2020-Q4,새로운미래,지방행정,0,0,0,0,0.0,0.0
2020-Q4,열린민주당,인공지능·디지털 정부,0,0,0,0,0.0,0.0
2020-Q4,열린민주당,재난·안전,0,0,0,0,0.0,0.0
2020-Q4,열린민주당,정부혁신·행정지원,0,0,0,0,0.0,0.0
2020-Q4,열린민주당,지방재정·기타,0,0,0,0,0.0,0.0
2020-Q4,열린민주당,지방행정,0,0,0,0,0.0,0.0
2020-Q4,정의당,인공지능·디지털 정부,0,0,0,0,0.0,0.0
2020-Q4,정의당,재난·안전,0,0,0,0,0.0,0.0
2020-Q4,정의당,정부혁신·행정지원,0,0,0,0,0.0,0.0
2020-Q4,정의당,지방재정·기타,0,0,0,0,0.0,0.0
2020-Q4,정의당,지방행정,0,0,0,0,0.0,0.0
2020-Q4,조국혁신당,인공지능·디지털 정부,0,0,0,0,0.0,0.0
2020-Q4,조국혁신당,재난·안전,0,0,0,0,0.0,0.0
2020-Q4,조국혁신당,정부혁신·행정지원,0,0,0,0,0.0,0.0
2020-Q4,조국혁신당,지방재정·기타,0,0,0,0,0.0,0.0
2020-Q4,조국혁신당,지방행정,0,0,0,0,0.0,0.0
2020-Q4,진보당,인공지능·디지털 정부,0,0,0,0,0.0,0.0
2020-Q4,진보당,재난·안전,0,0,0,0,0.0,0.0
2020-Q4,진보당,정부혁신·행정지원,0,0,0,0,0.0,0.0
2020-Q4,진보당,지방재정·기타,0,0,0,0,0.0,0.0
2020-Q4,진보당,지방행정,0,0,0,0,0.0,0.0
2021-Q1,국민의당,인공지능·디지털 정부,0,0,0,0,0.0,0.0
2021-Q1,국민의당,재난·안전,0,0,0,0,0.0,0.0
2021-Q1,국민의당,정부혁신·행정지원,0,0,0,0,0.0,0.0
2021-Q1,국민의당,지방재정·기타,0,0,0,0,0.0,0.0
2021-Q1,국민의당,지방행정,0,0,0,0,0.0,0.0
2021-Q1,국민의힘,인공지능·디지털 정부,0,0,0,0,0.0,0.0
2021-Q1,국민의힘,재난·안전,0,0,0,0,0.0,0.0
2021-Q1,국민의힘,정부혁신·행정지원,0,0,0,0,0.0,0.0
2021-Q1,국민의힘,지방재정·기타,0,0,0,0,0.0,0.0
2021-Q1,국민의힘,지방행정,0,0,0,0,0.0,0.0
2021-Q1,기본소득당,인공지능·디지털 정부,0,0,0,0,0.0,0.0
2021-Q1,기본소득당,재난·안전,0,0,0,0,0.0,0.0
2021-Q1,기본소득당,정부혁신·행정지원,0,0,0,0,0.0,0.0
2021-Q1,기본소득당,지방재정·기타,0,0,0,0,0.0,0.0
2021-Q1,기본소득당,지방행정,0,0,0,0,0.0,0.0
2021-Q1,더불어민주당,인공지능·디지털 정부,2,201,8,2373261,0.25,0.846936
2021-Q1,더불어민주당,재난·안전,4,3338,8,2373261,0.5,14.065035
2021-Q1,더불어민주당,정부혁신·행정지원,6,2685,8,2373261,0.75,11.313547
2021-Q1,더불어민주당,지방재정·기타,3,2045,8,2373261,0.375,8.616836
2021-Q1,더불어민주당,지방행정,7,5303,8,2373261,0.875,22.344782
2021-Q1,미래통합당,인공지능·디지털 정부,2,104,7,980780,0.285714,1.060381
2021-Q1,미래통합당,재난·안전,4,996,7,980780,0.571429,10.155183
2021-Q1,미래통합당,정부혁신·행정지원,6,1066,7,980780,0.857143,10.8689
2021-Q1,미래통합당,지방재정·기타,3,693,7,980780,0.428571,7.065805
2021-Q1,미래통합당,지방행정,6,2118,7,980780,0.857143,21.595057
2021-Q1,미분류,인공지능·디지털 정부,2,78,8,2129358,0.25,0.366308
2021-Q1,미분류,재난·안전,4,976,8,2129358,0.5,4.583541
2021-Q1,미분류,정부혁신·행정지원,6,1719,8,2129358,0.75,8.072856
2021-Q1,미분류,지방재정·기타,3,182,8,2129358,0.375,0.854718
2021-Q1,미분류,지방행정,7,5048,8,2129358,0.875,23.706676
2021-Q1,새누리당,인공지능·디지털 정부,0,0,1,40155,0.0,0.0
2021-Q1,새누리당,재난·안전,1,23,1,40155,1.0,5.727805
2021-Q1,새누리당,정부혁신·행정지원,1,23,1,40155,1.0,5.727805
2021-Q1,새누리당,지방재정·기타,1,2,1,40155,1.0,0.49807
2021-Q1,새누리당,지방행정,1,92,1,40155,1.0,22.911219
2021-Q1,새로운미래,인공지능·디지털 정부,0,0,0,0,0.0,0.0
2021-Q1,새로운미래,재난·안전,0,0,0,0,0.0,0.0
2021-Q1,새로운미래,정부혁신·행정지원,0,0,0,0,0.0,0.0
2021-Q1,새로운미래,지방재정·기타,0,0,0,0,0.0,0.0
2021-Q1,새로운미래,지방행정,0,0,0,0,0.0,0.0
2021-Q1,열린민주당,인공지능·디지털 정부,0,0,0,0,0.0,0.0
2021-Q1,열린민주당,재난·안전,0,0,0,0,0.0,0.0
2021-Q1,열린민주당,정부혁신·행정지원,0,0,0,0,0.0,0.0
2021-Q1,열린민주당,지방재정·기타,0,0,0,0,0.0,0.0
2021-Q1,열린민주당,지방행정,0,0,0,0,0.0,0.0
2021-Q1,정의당,인공지능·디지털 정부,0,0,0,0,0.0,0.0
2021-Q1,정의당,재난·안전,0,0,0,0,0.0,0.0
2021-Q1,정의당,정부혁신·행정지원,0,0,0,0,0.0,0.0
2021-Q1,정의당,지방재정·기타,0,0,0,0,0.0,0.0
2021-Q1,정의당,지방행정,0,0,0,0,0.0,0.0
2021-Q1,조국혁신당,인공지능·디지털 정부,0,0,0,0,0.0,0.0
2021-Q1,조국혁신당,재난·안전,0,0,0,0,0.0,0.0
2021-Q1,조국혁신당,정부혁신·행정지원,0,0,0,0,0.0,0.0
2021-Q1,조국혁신당,지방재정·기타,0,0,0,0,0.0,0.0
2021-Q1,조국혁신당,지방행정,0,0,0,0,0.0,0.0
2021-Q1,진보당,인공지능·디지털 정부,0,0,0,0,0.0,0.0
2021-Q1,진보당,재난·안전,0,0,0,0,0.0,0.0
2021-Q1,진보당,정부혁신·행정지원,0,0,0,0,0.0,0.0
2021-Q1,진보당,지방재정·기타,0,0,0,0,0.0,0.0
2021-Q1,진보당,지방행정,0,0,0,0,0.0,0.0
2021-Q2,국민의당,인공지능·디지털 정부,0,0,0,0,0.0,0.0
2021-Q2,국민의당,재난·안전,0,0,0,0,0.0,0.0
2021-Q2,국민의당,정부혁신·행정지원,0,0,0,0,0.0,0.0
2021-Q2,국민의당,지방재정·기타,0,0,0,0,0.0,0.0
2021-Q2,국민의당,지방행정,0,0,0,0,0.0,0.0
2021-Q2,국민의힘,인공지능·디지털 정부,0,0,0,0,0.0,0.0
2021-Q2,국민의힘,재난·안전,0,0,0,0,0.0,0.0
2021-Q2,국민의힘,정부혁신·행정지원,0,0,0,0,0.0,0.0
2021-Q2,국민의힘,지방재정·기타,0,0,0,0,0.0,0.0
2021-Q2,국민의힘,지방행정,0,0,0,0,0.0,0.0
2021-Q2,기본소득당,인공지능·디지털 정부,0,0,0,0,0.0,0.0
2021-Q2,기본소득당,재난·안전,0,0,0,0,0.0,0.0
2021-Q2,기본소득당,정부혁신·행정지원,0,0,0,0,0.0,0.0
2021-Q2,기본소득당,지방재정·기타,0,0,0,0,0.0,0.0
2021-Q2,기본소득당,지방행정,0,0,0,0,0.0,0.0
2021-Q2,더불어민주당,인공지능·디지털 정부,0,0,6,445439,0.0,0.0
2021-Q2,더불어민주당,재난·안전,4,234,6,445439,0.666667,5.253245
2021-Q2,더불어민주당,정부혁신·행정지원,1,8,6,445439,0.166667,0.179598
2021-Q2,더불어민주당,지방재정·기타,4,487,6,445439,0.666667,10.933035
2021-Q2,더불어민주당,지방행정,5,815,6,445439,0.833333,18.296557
2021-Q2,미래통합당,인공지능·디지털 정부,0,0,6,235216,0.0,0.0
2021-Q2,미래통합당,재난·안전,4,120,6,235216,0.666667,5.101694
2021-Q2,미래통합당,정부혁신·행정지원,1,2,6,235216,0.166667,0.085028
2021-Q2,미래통합당,지방재정·기타,4,240,6,235216,0.666667,10.203388
2021-Q2,미래통합당,지방행정,5,476,6,235216,0.833333,20.236719
2021-Q2,미분류,인공지능·디지털 정부,0,0,6,289347,0.0,0.0
2021-Q2,미분류,재난·안전,4,201,6,289347,0.666667,6.946676
2021-Q2,미분류,정부혁신·행정지원,0,0,6,289347,0.0,0.0
2021-Q2,미분류,지방재정·기타,4,379,6,289347,0.666667,13.09846
2021-Q2,미분류,지방행정,5,924,6,289347,0.833333,31.933975
2021-Q2,새누리당,인공지능·디지털 정부,0,0,0,0,0.0,0.0
2021-Q2,새누리당,재난·안전,0,0,0,0,0.0,0.0
2021-Q2,새누리당,정부혁신·행정지원,0,0,0,0,0.0,0.0
2021-Q2,새누리당,지방재정·기타,0,0,0,0,0.0,0.0
2021-Q2,새누리당,지방행정,0,0,0,0,0.0,0.0
2021-Q2,새로운미래,인공지능·디지털 정부,0,0,0,0,0.0,0.0
2021-Q2,새로운미래,재난·안전,0,0,0,0,0.0,0.0
2021-Q2,새로운미래,정부혁신·행정지원,0,0,0,0,0.0,0.0
2021-Q2,새로운미래,지방재정·기타,0,0,0,0,0.0,0.0
2021-Q2,새로운미래,지방행정,0,0,0,0,0.0,0.0
2021-Q2,열린민주당,인공지능·디지털 정부,0,0,0,0,0.0,0.0
2021-Q2,열린민주당,재난·안전,0,0,0,0,0.0,0.0
2021-Q2,열린민주당,정부혁신·행정지원,0,0,0,0,0.0,0.0
2021-Q2,열린민주당,지방재정·기타,0,0,0,0,0.0,0.0
2021-Q2,열린민주당,지방행정,0,0,0,0,0.0,0.0
2021-Q2,정의당,인공지능·디지털 정부,0,0,0,0,0.0,0.0
2021-Q2,정의당,재난·안전,0,0,0,0,0.0,0.0
2021-Q2,정의당,정부혁신·행정지원,0,0,0,0,0.0,0.0
2021-Q2,정의당,지방재정·기타,0,0,0,0,0.0,0.0
2021-Q2,정의당,지방행정,0,0,0,0,0.0,0.0
2021-Q2,조국혁신당,인공지능·디지털 정부,0,0,0,0,0.0,0.0
2021-Q2,조국혁신당,재난·안전,0,0,0,0,0.0,0.0
2021-Q2,조국혁신당,정부혁신·행정지원,0,0,0,0,0.0,0.0
2021-Q2,조국혁신당,지방재정·기타,0,0,0,0,0.0,0.0
2021-Q2,조국혁신당,지방행정,0,0,0,0,0.0,0.0
2021-Q2,진보당,인공지능·디지털 정부,0,0,0,0,0.0,0.0
2021-Q2,진보당,재난·안전,0,0,0,0,0.0,0.0
2021-Q2,진보당,정부혁신·행정지원,0,0,0,0,0.0,0.0
2021-Q2,진보당,지방재정·기타,0,0,0,0,0.0,0.0
2021-Q2,진보당,지방행정,0,0,0,0,0.0,0.0
2021-Q3,국민의당,인공지능·디지털 정부,0,0,0,0,0.0,0.0
2021-Q3,국민의당,재난·안전,0,0,0,0,0.0,0.0
2021-Q3,국민의당,정부혁신·행정지원,0,0,0,0,0.0,0.0
2021-Q3,국민의당,지방재정·기타,0,0,0,0,0.0,0.0
2021-Q3,국민의당,지방행정,0,0,0,0,0.0,0.0
2021-Q3,국민의힘,인공지능·디지털 정부,0,0,0,0,0.0,0.0
2021-Q3,국민의힘,재난·안전,0,0,0,0,0.0,0.0
2021-Q3,국민의힘,정부혁신·행정지원,0,0,0,0,0.0,0.0
2021-Q3,국민의힘,지방재정·기타,0,0,0,0,0.0,0.0
2021-Q3,국민의힘,지방행정,0,0,0,0,0.0,0.0
2021-Q3,기본소득당,인공지능·디지털 정부,0,0,0,0,0.0,0.0
2021-Q3,기본소득당,재난·안전,0,0,0,0,0.0,0.0
2021-Q3,기본소득당,정부혁신·행정지원,0,0,0,0,0.0,0.0
2021-Q3,기본소득당,지방재정·기타,0,0,0,0,0.0,0.0
2021-Q3,기본소득당,지방행정,0,0,0,0,0.0,0.0
2021-Q3,더불어민주당,인공지능·디지털 정부,0,0,6,2419426,0.0,0.0
2021-Q3,더불어민주당,재난·안전,4,7004,6,2419426,0.666667,28.949015
2021-Q3,더불어민주당,정부혁신·행정지원,3,3433,6,2419426,0.5,14.189316
2021-Q3,더불어민주당,지방재정·기타,4,2140,6,2419426,0.666667,8.845073
2021-Q3,더불어민주당,지방행정,2,4796,6,2419426,0.333333,19.822884
2021-Q3,미래통합당,인공지능·디지털 정부,0,0,6,1278566,0.0,0.0
2021-Q3,미래통합당,재난·안전,4,4754,6,1278566,0.666667,37.182281
2021-Q3,미래통합당,정부혁신·행정지원,3,1701,6,1278566,0.5,13.303967
2021-Q3,미래통합당,지방재정·기타,4,885,6,1278566,0.666667,6.921817
2021-Q3,미래통합당,지방행정,2,2012,6,1278566,0.333333,15.73638
2021-Q3,미분류,인공지능·디지털 정부,0,0,6,3109686,0.0,0.0
2021-Q3,미분류,재난·안전,4,11257,6,3109686,0.666667,36.199796
2021-Q3,미분류,정부혁신·행정지원,3,5158,6,3109686,0.5,16.586884
2021-Q3,미분류,지방재정·기타,4,1727,6,3109686,0.666667,5.553615
2021-Q3,미분류,지방행정,2,5370,6,3109686,0.333333,17.268625
2021-Q3,새누리당,인공지능·디지털 정부,0,0,0,0,0.0,0.0
2021-Q3,새누리당,재난·안전,0,0,0,0,0.0,0.0
2021-Q3,새누리당,정부혁신·행정지원,0,0,0,0,0.0,0.0
2021-Q3,새누리당,지방재정·기타,0,0,0,0,0.0,0.0
2021-Q3,새누리당,지방행정,0,0,0,0,0.0,0.0
2021-Q3,새로운미래,인공지능·디지털 정부,0,0,0,0,0.0,0.0
2021-Q3,새로운미래,재난·안전,0,0,0,0,0.0,0.0
2021-Q3,새로운미래,정부혁신·행정지원,0,0,0,0,0.0,0.0
2021-Q3,새로운미래,지방재정·기타,0,0,0,0,0.0,0.0
2021-Q3,새로운미래,지방행정,0,0,0,0,0.0,0.0
2021-Q3,열린민주당,인공지능·디지털 정부,0,0,0,0,0.0,0.0
2021-Q3,열린민주당,재난·안전,0,0,0,0,0.0,0.0
2021-Q3,열린민주당,정부혁신·행정지원,0,0,0,0,0.0,0.0
2021-Q3,열린민주당,지방재정·기타,0,0,0,0,0.0,0.0
2021-Q3,열린민주당,지방행정,0,0,0,0,0.0,0.0
2021-Q3,정의당,인공지능·디지털 정부,0,0,0,0,0.0,0.0
2021-Q3,정의당,재난·안전,0,0,0,0,0.0,0.0
2021-Q3,정의당,정부혁신·행정지원,0,0,0,0,0.0,0.0
2021-Q3,정의당,지방재정·기타,0,0,0,0,0.0,0.0
2021-Q3,정의당,지방행정,0,0,0,0,0.0,0.0
2021-Q3,조국혁신당,인공지능·디지털 정부,0,0,0,0,0.0,0.0
2021-Q3,조국혁신당,재난·안전,0,0,0,0,0.0,0.0
2021-Q3,조국혁신당,정부혁신·행정지원,0,0,0,0,0.0,0.0
2021-Q3,조국혁신당,지방재정·기타,0,0,0,0,0.0,0.0
2021-Q3,조국혁신당,지방행정,0,0,0,0,0.0,0.0
2021-Q3,진보당,인공지능·디지털 정부,0,0,0,0,0.0,0.0
2021-Q3,진보당,재난·안전,0,0,0,0,0.0,0.0
2021-Q3,진보당,정부혁신·행정지원,0,0,0,0,0.0,0.0
2021-Q3,진보당,지방재정·기타,0,0,0,0,0.0,0.0
2021-Q3,진보당,지방행정,0,0,0,0,0.0,0.0
2021-Q4,국민의당,인공지능·디지털 정부,0,0,0,0,0.0,0.0
2021-Q4,국민의당,재난·안전,0,0,0,0,0.0,0.0
2021-Q4,국민의당,정부혁신·행정지원,0,0,0,0,0.0,0.0
2021-Q4,국민의당,지방재정·기타,0,0,0,0,0.0,0.0
2021-Q4,국민의당,지방행정,0,0,0,0,0.0,0.0
2021-Q4,국민의힘,인공지능·디지털 정부,1,12,1,69800,1.0,1.719198
2021-Q4,국민의힘,재난·안전,1,162,1,69800,1.0,23.209169
2021-Q4,국민의힘,정부혁신·행정지원,1,24,1,69800,1.0,3.438395
2021-Q4,국민의힘,지방재정·기타,0,0,1,69800,0.0,0.0
2021-Q4,국민의힘,지방행정,1,102,1,69800,1.0,14.613181
2021-Q4,기본소득당,인공지능·디지털 정부,0,0,0,0,0.0,0.0
2021-Q4,기본소득당,재난·안전,0,0,0,0,0.0,0.0
2021-Q4,기본소득당,정부혁신·행정지원,0,0,0,0,0.0,0.0
2021-Q4,기본소득당,지방재정·기타,0,0,0,0,0.0,0.0
2021-Q4,기본소득당,지방행정,0,0,0,0,0.0,0.0
2021-Q4,더불어민주당,인공지능·디지털 정부,2,281,5,3815336,0.4,0.736501
2021-Q4,더불어민주당,재난·안전,2,5087,5,3815336,0.4,13.333033
2021-Q4,더불어민주당,정부혁신·행정지원,4,2926,5,3815336,0.8,7.669049
2021-Q4,더불어민주당,지방재정·기타,4,7914,5,3815336,0.8,20.742603
2021-Q4,더불어민주당,지방행정,2,3681,5,3815336,0.4,9.647905
2021-Q4,미래통합당,인공지능·디지털 정부,2,75,4,1134481,0.5,0.661095
2021-Q4,미래통합당,재난·안전,2,2250,4,1134481,0.5,19.832857
2021-Q4,미래통합당,정부혁신·행정지원,3,2052,4,1134481,0.75,18.087566
2021-Q4,미래통합당,지방재정·기타,3,1726,4,1134481,0.75,15.214005
2021-Q4,미래통합당,지방행정,2,1875,4,1134481,0.5,16.527381
2021-Q4,미분류,인공지능·디지털 정부,2,465,4,3553715,0.5,1.30849
2021-Q4,미분류,재난·안전,2,7075,4,3553715,0.5,19.908743
2021-Q4,미분류,정부혁신·행정지원,3,2374,4,3553715,0.75,6.680333
2021-Q4,미분류,지방재정·기타,4,2143,4,3553715,1.0,6.030309
2021-Q4,미분류,지방행정,2,4750,4,3553715,0.5,13.366294
2021-Q4,새누리당,인공지능·디지털 정부,0,0,0,0,0.0,0.0
2021-Q4,새누리당,재난·안전,0,0,0,0,0.0,0.0
2021-Q4,새누리당,정부혁신·행정지원,0,0,0,0,0.0,0.0
2021-Q4,새누리당,지방재정·기타,0,0,0,0,0.0,0.0
2021-Q4,새누리당,지방행정,0,0,0,0,0.0,0.0
2021-Q4,새로운미래,인공지능·디지털 정부,0,0,0,0,0.0,0.0
2021-Q4,새로운미래,재난·안전,0,0,0,0,0.0,0.0
2021-Q4,새로운미래,정부혁신·행정지원,0,0,0,0,0.0,0.0
2021-Q4,새로운미래,지방재정·기타,0,0,0,0,0.0,0.0
2021-Q4,새로운미래,지방행정,0,0,0,0,0.0,0.0
2021-Q4,열린민주당,인공지능·디지털 정부,0,0,0,0,0.0,0.0
2021-Q4,열린민주당,재난·안전,0,0,0,0,0.0,0.0
2021-Q4,열린민주당,정부혁신·행정지원,0,0,0,0,0.0,0.0
2021-Q4,열린민주당,지방재정·기타,0,0,0,0,0.0,0.0
2021-Q4,열린민주당,지방행정,0,0,0,0,0.0,0.0
2021-Q4,정의당,인공지능·디지털 정부,0,0,0,0,0.0,0.0
2021-Q4,정의당,재난·안전,0,0,0,0,0.0,0.0
2021-Q4,정의당,정부혁신·행정지원,0,0,0,0,0.0,0.0
2021-Q4,정의당,지방재정·기타,0,0,0,0,0.0,0.0
2021-Q4,정의당,지방행정,0,0,0,0,0.0,0.0
2021-Q4,조국혁신당,인공지능·디지털 정부,0,0,0,0,0.0,0.0
2021-Q4,조국혁신당,재난·안전,0,0,0,0,0.0,0.0
2021-Q4,조국혁신당,정부혁신·행정지원,0,0,0,0,0.0,0.0
2021-Q4,조국혁신당,지방재정·기타,0,0,0,0,0.0,0.0
2021-Q4,조국혁신당,지방행정,0,0,0,0,0.0,0.0
2021-Q4,진보당,인공지능·디지털 정부,0,0,0,0,0.0,0.0
2021-Q4,진보당,재난·안전,0,0,0,0,0.0,0.0
2021-Q4,진보당,정부혁신·행정지원,0,0,0,0,0.0,0.0
2021-Q4,진보당,지방재정·기타,0,0,0,0,0.0,0.0
2021-Q4,진보당,지방행정,0,0,0,0,0.0,0.0
2022-Q1,국민의당,인공지능·디지털 정부,0,0,0,0,0.0,0.0
2022-Q1,국민의당,재난·안전,0,0,0,0,0.0,0.0
2022-Q1,국민의당,정부혁신·행정지원,0,0,0,0,0.0,0.0
2022-Q1,국민의당,지방재정·기타,0,0,0,0,0.0,0.0
2022-Q1,국민의당,지방행정,0,0,0,0,0.0,0.0
2022-Q1,국민의힘,인공지능·디지털 정부,0,0,0,0,0.0,0.0
2022-Q1,국민의힘,재난·안전,0,0,0,0,0.0,0.0
2022-Q1,국민의힘,정부혁신·행정지원,0,0,0,0,0.0,0.0
2022-Q1,국민의힘,지방재정·기타,0,0,0,0,0.0,0.0
2022-Q1,국민의힘,지방행정,0,0,0,0,0.0,0.0
2022-Q1,기본소득당,인공지능·디지털 정부,0,0,0,0,0.0,0.0
2022-Q1,기본소득당,재난·안전,0,0,0,0,0.0,0.0
2022-Q1,기본소득당,정부혁신·행정지원,0,0,0,0,0.0,0.0
2022-Q1,기본소득당,지방재정·기타,0,0,0,0,0.0,0.0
2022-Q1,기본소득당,지방행정,0,0,0,0,0.0,0.0
2022-Q1,더불어민주당,인공지능·디지털 정부,1,11,5,604831,0.2,0.181869
2022-Q1,더불어민주당,재난·안전,4,686,5,604831,0.8,11.342011
2022-Q1,더불어민주당,정부혁신·행정지원,5,372,5,604831,1.0,6.150478
2022-Q1,더불어민주당,지방재정·기타,2,261,5,604831,0.4,4.315255
2022-Q1,더불어민주당,지방행정,5,1144,5,604831,1.0,18.914374
2022-Q1,미래통합당,인공지능·디지털 정부,1,3,5,134343,0.2,0.223309
2022-Q1,미래통합당,재난·안전,3,169,5,134343,0.6,12.57974
2022-Q1,미래통합당,정부혁신·행정지원,5,153,5,134343,1.0,11.388759
2022-Q1,미래통합당,지방재정·기타,2,63,5,134343,0.4,4.689489
2022-Q1,미래통합당,지방행정,5,223,5,134343,1.0,16.599302
2022-Q1,미분류,인공지능·디지털 정부,1,4,5,541905,0.2,0.073814
2022-Q1,미분류,재난·안전,3,318,5,541905,0.6,5.868187
2022-Q1,미분류,정부혁신·행정지원,5,299,5,541905,1.0,5.517572
2022-Q1,미분류,지방재정·기타,2,124,5,541905,0.4,2.288224
2022-Q1,미분류,지방행정,5,998,5,541905,1.0,18.416512
2022-Q1,새누리당,인공지능·디지털 정부,0,0,0,0,0.0,0.0
2022-Q1,새누리당,재난·안전,0,0,0,0,0.0,0.0
2022-Q1,새누리당,정부혁신·행정지원,0,0,0,0,0.0,0.0
2022-Q1,새누리당,지방재정·기타,0,0,0,0,0.0,0.0
2022-Q1,새누리당,지방행정,0,0,0,0,0.0,0.0
2022-Q1,새로운미래,인공지능·디지털 정부,0,0,0,0,0.0,0.0
2022-Q1,새로운미래,재난·안전,0,0,0,0,0.0,0.0
2022-Q1,새로운미래,정부혁신·행정지원,0,0,0,0,0.0,0.0
2022-Q1,새로운미래,지방재정·기타,0,0,0,0,0.0,0.0
2022-Q1,새로운미래,지방행정,0,0,0,0,0.0,0.0
2022-Q1,열린민주당,인공지능·디지털 정부,0,0,0,0,0.0,0.0
2022-Q1,열린민주당,재난·안전,0,0,0,0,0.0,0.0
2022-Q1,열린민주당,정부혁신·행정지원,0,0,0,0,0.0,0.0
2022-Q1,열린민주당,지방재정·기타,0,0,0,0,0.0,0.0
2022-Q1,열린민주당,지방행정,0,0,0,0,0.0,0.0
2022-Q1,정의당,인공지능·디지털 정부,0,0,0,0,0.0,0.0
2022-Q1,정의당,재난·안전,0,0,0,0,0.0,0.0
2022-Q1,정의당,정부혁신·행정지원,0,0,0,0,0.0,0.0
2022-Q1,정의당,지방재정·기타,0,0,0,0,0.0,0.0
2022-Q1,정의당,지방행정,0,0,0,0,0.0,0.0
2022-Q1,조국혁신당,인공지능·디지털 정부,0,0,0,0,0.0,0.0
2022-Q1,조국혁신당,재난·안전,0,0,0,0,0.0,0.0
2022-Q1,조국혁신당,정부혁신·행정지원,0,0,0,0,0.0,0.0
2022-Q1,조국혁신당,지방재정·기타,0,0,0,0,0.0,0.0
2022-Q1,조국혁신당,지방행정,0,0,0,0,0.0,0.0
2022-Q1,진보당,인공지능·디지털 정부,0,0,0,0,0.0,0.0
2022-Q1,진보당,재난·안전,0,0,0,0,0.0,0.0
2022-Q1,진보당,정부혁신·행정지원,0,0,0,0,0.0,0.0
2022-Q1,진보당,지방재정·기타,0,0,0,0,0.0,0.0
2022-Q1,진보당,지방행정,0,0,0,0,0.0,0.0
2022-Q2,국민의당,인공지능·디지털 정부,0,0,0,0,0.0,0.0
2022-Q2,국민의당,재난·안전,0,0,0,0,0.0,0.0
2022-Q2,국민의당,정부혁신·행정지원,0,0,0,0,0.0,0.0
2022-Q2,국민의당,지방재정·기타,0,0,0,0,0.0,0.0
2022-Q2,국민의당,지방행정,0,0,0,0,0.0,0.0
2022-Q2,국민의힘,인공지능·디지털 정부,0,0,0,0,0.0,0.0
2022-Q2,국민의힘,재난·안전,0,0,0,0,0.0,0.0
2022-Q2,국민의힘,정부혁신·행정지원,0,0,0,0,0.0,0.0
2022-Q2,국민의힘,지방재정·기타,0,0,0,0,0.0,0.0
2022-Q2,국민의힘,지방행정,0,0,0,0,0.0,0.0
2022-Q2,기본소득당,인공지능·디지털 정부,0,0,0,0,0.0,0.0
2022-Q2,기본소득당,재난·안전,0,0,0,0,0.0,0.0
2022-Q2,기본소득당,정부혁신·행정지원,0,0,0,0,0.0,0.0
2022-Q2,기본소득당,지방재정·기타,0,0,0,0,0.0,0.0
2022-Q2,기본소득당,지방행정,0,0,0,0,0.0,0.0
2022-Q2,더불어민주당,인공지능·디지털 정부,0,0,6,504717,0.0,0.0
2022-Q2,더불어민주당,재난·안전,2,394,6,504717,0.333333,7.806355
2022-Q2,더불어민주당,정부혁신·행정지원,6,1434,6,504717,1.0,28.411962
2022-Q2,더불어민주당,지방재정·기타,2,657,6,504717,0.333333,13.017196
2022-Q2,더불어민주당,지방행정,4,1262,6,504717,0.666667,25.004111
2022-Q2,미래통합당,인공지능·디지털 정부,0,0,4,154055,0.0,0.0
2022-Q2,미래통합당,재난·안전,1,32,4,154055,0.25,2.07718
2022-Q2,미래통합당,정부혁신·행정지원,4,181,4,154055,1.0,11.749051
2022-Q2,미래통합당,지방재정·기타,2,65,4,154055,0.5,4.219272
2022-Q2,미래통합당,지방행정,3,126,4,154055,0.75,8.178897
2022-Q2,미분류,인공지능·디지털 정부,0,0,5,554865,0.0,0.0
2022-Q2,미분류,재난·안전,1,656,5,554865,0.2,11.822696
2022-Q2,미분류,정부혁신·행정지원,5,866,5,554865,1.0,15.6074
2022-Q2,미분류,지방재정·기타,2,851,5,554865,0.4,15.337064
2022-Q2,미분류,지방행정,3,1433,5,554865,0.6,25.826102
2022-Q2,새누리당,인공지능·디지털 정부,0,0,0,0,0.0,0.0
2022-Q2,새누리당,재난·안전,0,0,0,0,0.0,0.0
2022-Q2,새누리당,정부혁신·행정지원,0,0,0,0,0.0,0.0
2022-Q2,새누리당,지방재정·기타,0,0,0,0,0.0,0.0
2022-Q2,새누리당,지방행정,0,0,0,0,0.0,0.0
2022-Q2,새로운미래,인공지능·디지털 정부,0,0,0,0,0.0,0.0
2022-Q2,새로운미래,재난·안전,0,0,0,0,0.0,0.0
2022-Q2,새로운미래,정부혁신·행정지원,0,0,0,0,0.0,0.0
2022-Q2,새로운미래,지방재정·기타,0,0,0,0,0.0,0.0
2022-Q2,새로운미래,지방행정,0,0,0,0,0.0,0.0
2022-Q2,열린민주당,인공지능·디지털 정부,0,0,0,0,0.0,0.0
2022-Q2,열린민주당,재난·안전,0,0,0,0,0.0,0.0
2022-Q2,열린민주당,정부혁신·행정지원,0,0,0,0,0.0,0.0
2022-Q2,열린민주당,지방재정·기타,0,0,0,0,0.0,0.0
2022-Q2,열린민주당,지방행정,0,0,0,0,0.0,0.0
2022-Q2,정의당,인공지능·디지털 정부,0,0,0,0,0.0,0.0
2022-Q2,정의당,재난·안전,0,0,0,0,0.0,0.0
2022-Q2,정의당,정부혁신·행정지원,0,0,0,0,0.0,0.0
2022-Q2,정의당,지방재정·기타,0,0,0,0,0.0,0.0
2022-Q2,정의당,지방행정,0,0,0,0,0.0,0.0
2022-Q2,조국혁신당,인공지능·디지털 정부,0,0,0,0,0.0,0.0
2022-Q2,조국혁신당,재난·안전,0,0,0,0,0.0,0.0
2022-Q2,조국혁신당,정부혁신·행정지원,0,0,0,0,0.0,0.0
2022-Q2,조국혁신당,지방재정·기타,0,0,0,0,0.0,0.0
2022-Q2,조국혁신당,지방행정,0,0,0,0,0.0,0.0
2022-Q2,진보당,인공지능·디지털 정부,0,0,0,0,0.0,0.0
2022-Q2,진보당,재난·안전,0,0,0,0,0.0,0.0
2022-Q2,진보당,정부혁신·행정지원,0,0,0,0,0.0,0.0
2022-Q2,진보당,지방재정·기타,0,0,0,0,0.0,0.0
2022-Q2,진보당,지방행정,0,0,0,0,0.0,0.0
2022-Q3,국민의당,인공지능·디지털 정부,0,0,0,0,0.0,0.0
2022-Q3,국민의당,재난·안전,0,0,0,0,0.0,0.0
2022-Q3,국민의당,정부혁신·행정지원,0,0,0,0,0.0,0.0
2022-Q3,국민의당,지방재정·기타,0,0,0,0,0.0,0.0
2022-Q3,국민의당,지방행정,0,0,0,0,0.0,0.0
2022-Q3,국민의힘,인공지능·디지털 정부,0,0,0,0,0.0,0.0
2022-Q3,국민의힘,재난·안전,0,0,0,0,0.0,0.0
2022-Q3,국민의힘,정부혁신·행정지원,0,0,0,0,0.0,0.0
2022-Q3,국민의힘,지방재정·기타,0,0,0,0,0.0,0.0
2022-Q3,국민의힘,지방행정,0,0,0,0,0.0,0.0
2022-Q3,기본소득당,인공지능·디지털 정부,0,0,0,0,0.0,0.0
2022-Q3,기본소득당,재난·안전,0,0,0,0,0.0,0.0
2022-Q3,기본소득당,정부혁신·행정지원,0,0,0,0,0.0,0.0
2022-Q3,기본소득당,지방재정·기타,0,0,0,0,0.0,0.0
2022-Q3,기본소득당,지방행정,0,0,0,0,0.0,0.0
2022-Q3,더불어민주당,인공지능·디지털 정부,2,86,8,552743,0.25,1.555877
2022-Q3,더불어민주당,재난·안전,3,1242,8,552743,0.375,22.469755
2022-Q3,더불어민주당,정부혁신·행정지원,7,2563,8,552743,0.875,46.368746
2022-Q3,더불어민주당,지방재정·기타,4,1417,8,552743,0.5,25.635784
2022-Q3,더불어민주당,지방행정,2,1101,8,552743,0.25,19.918841
2022-Q3,미래통합당,인공지능·디지털 정부,1,3,4,78121,0.25,0.38402
2022-Q3,미래통합당,재난·안전,2,112,4,78121,0.5,14.336734
2022-Q3,미래통합당,정부혁신·행정지원,3,361,4,78121,0.75,46.210366
2022-Q3,미래통합당,지방재정·기타,2,142,4,78121,0.5,18.176931
2022-Q3,미래통합당,지방행정,1,39,4,78121,0.25,4.992256
2022-Q3,미분류,인공지능·디지털 정부,2,142,9,1857130,0.222222,0.764621
2022-Q3,미분류,재난·안전,4,2488,9,1857130,0.444444,13.397016
2022-Q3,미분류,정부혁신·행정지원,7,3274,9,1857130,0.777778,17.629353
2022-Q3,미분류,지방재정·기타,4,2079,9,1857130,0.444444,11.194693
2022-Q3,미분류,지방행정,2,1815,9,1857130,0.222222,9.773145
2022-Q3,새누리당,인공지능·디지털 정부,0,0,0,0,0.0,0.0
2022-Q3,새누리당,재난·안전,0,0,0,0,0.0,0.0
2022-Q3,새누리당,정부혁신·행정지원,0,0,0,0,0.0,0.0
2022-Q3,새누리당,지방재정·기타,0,0,0,0,0.0,0.0
2022-Q3,새누리당,지방행정,0,0,0,0,0.0,0.0
2022-Q3,새로운미래,인공지능·디지털 정부,0,0,0,0,0.0,0.0
2022-Q3,새로운미래,재난·안전,0,0,0,0,0.0,0.0
2022-Q3,새로운미래,정부혁신·행정지원,0,0,0,0,0.0,0.0
2022-Q3,새로운미래,지방재정·기타,0,0,0,0,0.0,0.0
2022-Q3,새로운미래,지방행정,0,0,0,0,0.0,0.0
2022-Q3,열린민주당,인공지능·디지털 정부,1,3,1,92000,1.0,0.326087
2022-Q3,열린민주당,재난·안전,1,31,1,92000,1.0,3.369565
2022-Q3,열린민주당,정부혁신·행정지원,1,14,1,92000,1.0,1.521739
2022-Q3,열린민주당,지방재정·기타,1,28,1,92000,1.0,3.043478
2022-Q3,열린민주당,지방행정,1,39,1,92000,1.0,4.23913
2022-Q3,정의당,인공지능·디지털 정부,0,0,0,0,0.0,0.0
2022-Q3,정의당,재난·안전,0,0,0,0,0.0,0.0
2022-Q3,정의당,정부혁신·행정지원,0,0,0,0,0.0,0.0
2022-Q3,정의당,지방재정·기타,0,0,0,0,0.0,0.0
2022-Q3,정의당,지방행정,0,0,0,0,0.0,0.0
2022-Q3,조국혁신당,인공지능·디지털 정부,0,0,0,0,0.0,0.0
2022-Q3,조국혁신당,재난·안전,0,0,0,0,0.0,0.0
2022-Q3,조국혁신당,정부혁신·행정지원,0,0,0,0,0.0,0.0
2022-Q3,조국혁신당,지방재정·기타,0,0,0,0,0.0,0.0
2022-Q3,조국혁신당,지방행정,0,0,0,0,0.0,0.0
2022-Q3,진보당,인공지능·디지털 정부,0,0,0,0,0.0,0.0
2022-Q3,진보당,재난·안전,0,0,0,0,0.0,0.0
2022-Q3,진보당,정부혁신·행정지원,0,0,0,0,0.0,0.0
2022-Q3,진보당,지방재정·기타,0,0,0,0,0.0,0.0
2022-Q3,진보당,지방행정,0,0,0,0,0.0,0.0
2022-Q4,국민의당,인공지능·디지털 정부,0,0,0,0,0.0,0.0
2022-Q4,국민의당,재난·안전,0,0,0,0,0.0,0.0
2022-Q4,국민의당,정부혁신·행정지원,0,0,0,0,0.0,0.0
2022-Q4,국민의당,지방재정·기타,0,0,0,0,0.0,0.0
2022-Q4,국민의당,지방행정,0,0,0,0,0.0,0.0
2022-Q4,국민의힘,인공지능·디지털 정부,0,0,0,0,0.0,0.0
2022-Q4,국민의힘,재난·안전,0,0,0,0,0.0,0.0
2022-Q4,국민의힘,정부혁신·행정지원,0,0,0,0,0.0,0.0
2022-Q4,국민의힘,지방재정·기타,0,0,0,0,0.0,0.0
2022-Q4,국민의힘,지방행정,0,0,0,0,0.0,0.0
2022-Q4,기본소득당,인공지능·디지털 정부,0,0,0,0,0.0,0.0
2022-Q4,기본소득당,재난·안전,0,0,0,0,0.0,0.0
2022-Q4,기본소득당,정부혁신·행정지원,0,0,0,0,0.0,0.0
2022-Q4,기본소득당,지방재정·기타,0,0,0,0,0.0,0.0
2022-Q4,기본소득당,지방행정,0,0,0,0,0.0,0.0
2022-Q4,더불어민주당,인공지능·디지털 정부,1,2,6,590911,0.166667,0.033846
2022-Q4,더불어민주당,재난·안전,4,983,6,590911,0.666667,16.635331
2022-Q4,더불어민주당,정부혁신·행정지원,3,680,6,590911,0.5,11.507655
2022-Q4,더불어민주당,지방재정·기타,2,1600,6,590911,0.333333,27.076836
2022-Q4,더불어민주당,지방행정,2,217,6,590911,0.333333,3.672296
2022-Q4,미래통합당,인공지능·디지털 정부,0,0,4,24842,0.0,0.0
2022-Q4,미래통합당,재난·안전,3,116,4,24842,0.75,46.695113
2022-Q4,미래통합당,정부혁신·행정지원,1,88,4,24842,0.25,35.423879
2022-Q4,미래통합당,지방재정·기타,1,172,4,24842,0.25,69.237582
2022-Q4,미래통합당,지방행정,1,4,4,24842,0.25,1.610176
2022-Q4,미분류,인공지능·디지털 정부,1,2,7,1306110,0.142857,0.015313
2022-Q4,미분류,재난·안전,4,2814,7,1306110,0.571429,21.544893
2022-Q4,미분류,정부혁신·행정지원,5,1129,7,1306110,0.714286,8.643989
2022-Q4,미분류,지방재정·기타,2,1600,7,1306110,0.285714,12.250117
2022-Q4,미분류,지방행정,2,1339,7,1306110,0.285714,10.251816
2022-Q4,새누리당,인공지능·디지털 정부,0,0,0,0,0.0,0.0
2022-Q4,새누리당,재난·안전,0,0,0,0,0.0,0.0
2022-Q4,새누리당,정부혁신·행정지원,0,0,0,0,0.0,0.0
2022-Q4,새누리당,지방재정·기타,0,0,0,0,0.0,0.0
2022-Q4,새누리당,지방행정,0,0,0,0,0.0,0.0
2022-Q4,새로운미래,인공지능·디지털 정부,0,0,0,0,0.0,0.0
2022-Q4,새로운미래,재난·안전,0,0,0,0,0.0,0.0
2022-Q4,새로운미래,정부혁신·행정지원,0,0,0,0,0.0,0.0
2022-Q4,새로운미래,지방재정·기타,0,0,0,0,0.0,0.0
2022-Q4,새로운미래,지방행정,0,0,0,0,0.0,0.0
2022-Q4,열린민주당,인공지능·디지털 정부,0,0,0,0,0.0,0.0
2022-Q4,열린민주당,재난·안전,0,0,0,0,0.0,0.0
2022-Q4,열린민주당,정부혁신·행정지원,0,0,0,0,0.0,0.0
2022-Q4,열린민주당,지방재정·기타,0,0,0,0,0.0,0.0
2022-Q4,열린민주당,지방행정,0,0,0,0,0.0,0.0
2022-Q4,정의당,인공지능·디지털 정부,0,0,0,0,0.0,0.0
2022-Q4,정의당,재난·안전,0,0,0,0,0.0,0.0
2022-Q4,정의당,정부혁신·행정지원,0,0,0,0,0.0,0.0
2022-Q4,정의당,지방재정·기타,0,0,0,0,0.0,0.0
2022-Q4,정의당,지방행정,0,0,0,0,0.0,0.0
2022-Q4,조국혁신당,인공지능·디지털 정부,0,0,0,0,0.0,0.0
2022-Q4,조국혁신당,재난·안전,0,0,0,0,0.0,0.0
2022-Q4,조국혁신당,정부혁신·행정지원,0,0,0,0,0.0,0.0
2022-Q4,조국혁신당,지방재정·기타,0,0,0,0,0.0,0.0
2022-Q4,조국혁신당,지방행정,0,0,0,0,0.0,0.0
2022-Q4,진보당,인공지능·디지털 정부,0,0,0,0,0.0,0.0
2022-Q4,진보당,재난·안전,0,0,0,0,0.0,0.0
2022-Q4,진보당,정부혁신·행정지원,0,0,0,0,0.0,0.0
2022-Q4,진보당,지방재정·기타,0,0,0,0,0.0,0.0
2022-Q4,진보당,지방행정,0,0,0,0,0.0,0.0
2023-Q1,국민의당,인공지능·디지털 정부,0,0,0,0,0.0,0.0
2023-Q1,국민의당,재난·안전,0,0,0,0,0.0,0.0
2023-Q1,국민의당,정부혁신·행정지원,0,0,0,0,0.0,0.0
2023-Q1,국민의당,지방재정·기타,0,0,0,0,0.0,0.0
2023-Q1,국민의당,지방행정,0,0,0,0,0.0,0.0
2023-Q1,국민의힘,인공지능·디지털 정부,0,0,0,0,0.0,0.0
2023-Q1,국민의힘,재난·안전,0,0,0,0,0.0,0.0
2023-Q1,국민의힘,정부혁신·행정지원,0,0,0,0,0.0,0.0
2023-Q1,국민의힘,지방재정·기타,0,0,0,0,0.0,0.0
2023-Q1,국민의힘,지방행정,0,0,0,0,0.0,0.0
2023-Q1,기본소득당,인공지능·디지털 정부,0,0,0,0,0.0,0.0
2023-Q1,기본소득당,재난·안전,0,0,0,0,0.0,0.0
2023-Q1,기본소득당,정부혁신·행정지원,0,0,0,0,0.0,0.0
2023-Q1,기본소득당,지방재정·기타,0,0,0,0,0.0,0.0
2023-Q1,기본소득당,지방행정,0,0,0,0,0.0,0.0
2023-Q1,더불어민주당,인공지능·디지털 정부,1,17,6,4759141,0.166667,0.035721
2023-Q1,더불어민주당,재난·안전,4,4655,6,4759141,0.666667,9.781177
2023-Q1,더불어민주당,정부혁신·행정지원,6,10203,6,4759141,1.0,21.438743
2023-Q1,더불어민주당,지방재정·기타,5,31491,6,4759141,0.833333,66.169504
2023-Q1,더불어민주당,지방행정,4,6578,6,4759141,0.666667,13.821822
2023-Q1,미래통합당,인공지능·디지털 정부,1,3,5,784818,0.2,0.038225
2023-Q1,미래통합당,재난·안전,3,851,5,784818,0.6,10.843278
2023-Q1,미래통합당,정부혁신·행정지원,5,1996,5,784818,1.0,25.432648
2023-Q1,미래통합당,지방재정·기타,4,6191,5,784818,0.8,78.884531
2023-Q1,미래통합당,지방행정,3,926,5,784818,0.6,11.798914
2023-Q1,미분류,인공지능·디지털 정부,1,108,6,10304472,0.166667,0.104809
2023-Q1,미분류,재난·안전,4,15285,6,10304472,0.666667,14.833366
2023-Q1,미분류,정부혁신·행정지원,6,20483,6,10304472,1.0,19.877777
2023-Q1,미분류,지방재정·기타,5,32349,6,10304472,0.833333,31.393166
2023-Q1,미분류,지방행정,4,15025,6,10304472,0.666667,14.581048
2023-Q1,새누리당,인공지능·디지털 정부,0,0,0,0,0.0,0.0
2023-Q1,새누리당,재난·안전,0,0,0,0,0.0,0.0
2023-Q1,새누리당,정부혁신·행정지원,0,0,0,0,0.0,0.0
2023-Q1,새누리당,지방재정·기타,0,0,0,0,0.0,0.0
2023-Q1,새누리당,지방행정,0,0,0,0,0.0,0.0
2023-Q1,새로운미래,인공지능·디지털 정부,0,0,0,0,0.0,0.0
2023-Q1,새로운미래,재난·안전,0,0,0,0,0.0,0.0
2023-Q1,새로운미래,정부혁신·행정지원,0,0,0,0,0.0,0.0
2023-Q1,새로운미래,지방재정·기타,0,0,0,0,0.0,0.0
2023-Q1,새로운미래,지방행정,0,0,0,0,0.0,0.0
2023-Q1,열린민주당,인공지능·디지털 정부,0,0,0,0,0.0,0.0
2023-Q1,열린민주당,재난·안전,0,0,0,0,0.0,0.0
2023-Q1,열린민주당,정부혁신·행정지원,0,0,0,0,0.0,0.0
2023-Q1,열린민주당,지방재정·기타,0,0,0,0,0.0,0.0
2023-Q1,열린민주당,지방행정,0,0,0,0,0.0,0.0
2023-Q1,정의당,인공지능·디지털 정부,0,0,0,0,0.0,0.0
2023-Q1,정의당,재난·안전,0,0,0,0,0.0,0.0
2023-Q1,정의당,정부혁신·행정지원,0,0,0,0,0.0,0.0
2023-Q1,정의당,지방재정·기타,0,0,0,0,0.0,0.0
2023-Q1,정의당,지방행정,0,0,0,0,0.0,0.0
2023-Q1,조국혁신당,인공지능·디지털 정부,0,0,0,0,0.0,0.0
2023-Q1,조국혁신당,재난·안전,0,0,0,0,0.0,0.0
2023-Q1,조국혁신당,정부혁신·행정지원,0,0,0,0,0.0,0.0
2023-Q1,조국혁신당,지방재정·기타,0,0,0,0,0.0,0.0
2023-Q1,조국혁신당,지방행정,0,0,0,0,0.0,0.0
2023-Q1,진보당,인공지능·디지털 정부,0,0,0,0,0.0,0.0
2023-Q1,진보당,재난·안전,0,0,0,0,0.0,0.0
2023-Q1,진보당,정부혁신·행정지원,0,0,0,0,0.0,0.0
2023-Q1,진보당,지방재정·기타,0,0,0,0,0.0,0.0
2023-Q1,진보당,지방행정,0,0,0,0,0.0,0.0
2023-Q2,국민의당,인공지능·디지털 정부,0,0,0,0,0.0,0.0
2023-Q2,국민의당,재난·안전,0,0,0,0,0.0,0.0
2023-Q2,국민의당,정부혁신·행정지원,0,0,0,0,0.0,0.0
2023-Q2,국민의당,지방재정·기타,0,0,0,0,0.0,0.0
2023-Q2,국민의당,지방행정,0,0,0,0,0.0,0.0
2023-Q2,국민의힘,인공지능·디지털 정부,0,0,0,0,0.0,0.0
2023-Q2,국민의힘,재난·안전,0,0,0,0,0.0,0.0
2023-Q2,국민의힘,정부혁신·행정지원,0,0,0,0,0.0,0.0
2023-Q2,국민의힘,지방재정·기타,0,0,0,0,0.0,0.0
2023-Q2,국민의힘,지방행정,0,0,0,0,0.0,0.0
2023-Q2,기본소득당,인공지능·디지털 정부,0,0,0,0,0.0,0.0
2023-Q2,기본소득당,재난·안전,0,0,0,0,0.0,0.0
2023-Q2,기본소득당,정부혁신·행정지원,0,0,0,0,0.0,0.0
2023-Q2,기본소득당,지방재정·기타,0,0,0,0,0.0,0.0
2023-Q2,기본소득당,지방행정,0,0,0,0,0.0,0.0
2023-Q2,더불어민주당,인공지능·디지털 정부,2,13,6,1342902,0.333333,0.096805
2023-Q2,더불어민주당,재난·안전,3,1455,6,1342902,0.5,10.834744
2023-Q2,더불어민주당,정부혁신·행정지원,3,1249,6,1342902,0.5,9.300753
2023-Q2,더불어민주당,지방재정·기타,5,1034,6,1342902,0.833333,7.699743
2023-Q2,더불어민주당,지방행정,5,4118,6,1342902,0.833333,30.664933
2023-Q2,미래통합당,인공지능·디지털 정부,0,0,4,89252,0.0,0.0
2023-Q2,미래통합당,재난·안전,2,35,4,89252,0.5,3.921481
2023-Q2,미래통합당,정부혁신·행정지원,3,255,4,89252,0.75,28.570788
2023-Q2,미래통합당,지방재정·기타,2,23,4,89252,0.5,2.576973
2023-Q2,미래통합당,지방행정,3,282,4,89252,0.75,31.595931
2023-Q2,미분류,인공지능·디지털 정부,2,70,6,4091267,0.333333,0.171096
2023-Q2,미분류,재난·안전,3,4147,6,4091267,0.5,10.136224
2023-Q2,미분류,정부혁신·행정지원,3,4496,6,4091267,0.5,10.989261
2023-Q2,미분류,지방재정·기타,5,3381,6,4091267,0.833333,8.263944
2023-Q2,미분류,지방행정,5,5622,6,4091267,0.833333,13.741464
2023-Q2,새누리당,인공지능·디지털 정부,0,0,0,0,0.0,0.0
2023-Q2,새누리당,재난·안전,0,0,0,0,0.0,0.0
2023-Q2,새누리당,정부혁신·행정지원,0,0,0,0,0.0,0.0
2023-Q2,새누리당,지방재정·기타,0,0,0,0,0.0,0.0
2023-Q2,새누리당,지방행정,0,0,0,0,0.0,0.0
2023-Q2,새로운미래,인공지능·디지털 정부,0,0,0,0,0.0,0.0
2023-Q2,새로운미래,재난·안전,0,0,0,0,0.0,0.0
2023-Q2,새로운미래,정부혁신·행정지원,0,0,0,0,0.0,0.0
2023-Q2,새로운미래,지방재정·기타,0,0,0,0,0.0,0.0
2023-Q2,새로운미래,지방행정,0,0,0,0,0.0,0.0
2023-Q2,열린민주당,인공지능·디지털 정부,1,1,1,167549,1.0,0.059684
2023-Q2,열린민주당,재난·안전,1,33,1,167549,1.0,1.969573
2023-Q2,열린민주당,정부혁신·행정지원,1,31,1,167549,1.0,1.850205
2023-Q2,열린민주당,지방재정·기타,1,33,1,167549,1.0,1.969573
2023-Q2,열린민주당,지방행정,1,33,1,167549,1.0,1.969573
2023-Q2,정의당,인공지능·디지털 정부,1,2,1,118162,1.0,0.169259
2023-Q2,정의당,재난·안전,1,66,1,118162,1.0,5.585552
2023-Q2,정의당,정부혁신·행정지원,1,62,1,118162,1.0,5.247034
2023-Q2,정의당,지방재정·기타,1,66,1,118162,1.0,5.585552
2023-Q2,정의당,지방행정,1,66,1,118162,1.0,5.585552
2023-Q2,조국혁신당,인공지능·디지털 정부,0,0,0,0,0.0,0.0
2023-Q2,조국혁신당,재난·안전,0,0,0,0,0.0,0.0
2023-Q2,조국혁신당,정부혁신·행정지원,0,0,0,0,0.0,0.0
2023-Q2,조국혁신당,지방재정·기타,0,0,0,0,0.0,0.0
2023-Q2,조국혁신당,지방행정,0,0,0,0,0.0,0.0
2023-Q2,진보당,인공지능·디지털 정부,0,0,0,0,0.0,0.0
2023-Q2,진보당,재난·안전,0,0,0,0,0.0,0.0
2023-Q2,진보당,정부혁신·행정지원,0,0,0,0,0.0,0.0
2023-Q2,진보당,지방재정·기타,0,0,0,0,0.0,0.0
2023-Q2,진보당,지방행정,0,0,0,0,0.0,0.0
2023-Q3,국민의당,인공지능·디지털 정부,0,0,0,0,0.0,0.0
2023-Q3,국민의당,재난·안전,0,0,0,0,0.0,0.0
2023-Q3,국민의당,정부혁신·행정지원,0,0,0,0,0.0,0.0
2023-Q3,국민의당,지방재정·기타,0,0,0,0,0.0,0.0
2023-Q3,국민의당,지방행정,0,0,0,0,0.0,0.0
2023-Q3,국민의힘,인공지능·디지털 정부,0,0,0,0,0.0,0.0
2023-Q3,국민의힘,재난·안전,0,0,0,0,0.0,0.0
2023-Q3,국민의힘,정부혁신·행정지원,0,0,0,0,0.0,0.0
2023-Q3,국민의힘,지방재정·기타,0,0,0,0,0.0,0.0
2023-Q3,국민의힘,지방행정,0,0,0,0,0.0,0.0
2023-Q3,기본소득당,인공지능·디지털 정부,0,0,0,0,0.0,0.0
2023-Q3,기본소득당,재난·안전,0,0,0,0,0.0,0.0
2023-Q3,기본소득당,정부혁신·행정지원,0,0,0,0,0.0,0.0
2023-Q3,기본소득당,지방재정·기타,0,0,0,0,0.0,0.0
2023-Q3,기본소득당,지방행정,0,0,0,0,0.0,0.0
2023-Q3,더불어민주당,인공지능·디지털 정부,1,60,3,1027558,0.333333,0.583909
2023-Q3,더불어민주당,재난·안전,1,2736,3,1027558,0.333333,26.626234
2023-Q3,더불어민주당,정부혁신·행정지원,3,696,3,1027558,1.0,6.77334
2023-Q3,더불어민주당,지방재정·기타,1,840,3,1027558,0.333333,8.174721
2023-Q3,더불어민주당,지방행정,1,926,3,1027558,0.333333,9.011657
2023-Q3,미래통합당,인공지능·디지털 정부,0,0,1,28,0.0,0.0
2023-Q3,미래통합당,재난·안전,1,1,1,28,1.0,357.142857
2023-Q3,미래통합당,정부혁신·행정지원,0,0,1,28,0.0,0.0
2023-Q3,미래통합당,지방재정·기타,0,0,1,28,0.0,0.0
2023-Q3,미래통합당,지방행정,0,0,1,28,0.0,0.0
2023-Q3,미분류,인공지능·디지털 정부,1,21,3,1177939,0.333333,0.178277
2023-Q3,미분류,재난·안전,1,1016,3,1177939,0.333333,8.625234
2023-Q3,미분류,정부혁신·행정지원,3,310,3,1177939,1.0,2.631715
2023-Q3,미분류,지방재정·기타,1,294,3,1177939,0.333333,2.495885
2023-Q3,미분류,지방행정,1,331,3,1177939,0.333333,2.809993
2023-Q3,새누리당,인공지능·디지털 정부,0,0,0,0,0.0,0.0
2023-Q3,새누리당,재난·안전,0,0,0,0,0.0,0.0
2023-Q3,새누리당,정부혁신·행정지원,0,0,0,0,0.0,0.0
2023-Q3,새누리당,지방재정·기타,0,0,0,0,0.0,0.0
2023-Q3,새누리당,지방행정,0,0,0,0,0.0,0.0
2023-Q3,새로운미래,인공지능·디지털 정부,0,0,0,0,0.0,0.0
2023-Q3,새로운미래,재난·안전,0,0,0,0,0.0,0.0
2023-Q3,새로운미래,정부혁신·행정지원,0,0,0,0,0.0,0.0
2023-Q3,새로운미래,지방재정·기타,0,0,0,0,0.0,0.0
2023-Q3,새로운미래,지방행정,0,0,0,0,0.0,0.0
2023-Q3,열린민주당,인공지능·디지털 정부,0,0,0,0,0.0,0.0
2023-Q3,열린민주당,재난·안전,0,0,0,0,0.0,0.0
2023-Q3,열린민주당,정부혁신·행정지원,0,0,0,0,0.0,0.0
2023-Q3,열린민주당,지방재정·기타,0,0,0,0,0.0,0.0
2023-Q3,열린민주당,지방행정,0,0,0,0,0.0,0.0
2023-Q3,정의당,인공지능·디지털 정부,0,0,0,0,0.0,0.0
2023-Q3,정의당,재난·안전,0,0,0,0,0.0,0.0
2023-Q3,정의당,정부혁신·행정지원,0,0,0,0,0.0,0.0
2023-Q3,정의당,지방재정·기타,0,0,0,0,0.0,0.0
2023-Q3,정의당,지방행정,0,0,0,0,0.0,0.0
2023-Q3,조국혁신당,인공지능·디지털 정부,0,0,0,0,0.0,0.0
2023-Q3,조국혁신당,재난·안전,0,0,0,0,0.0,0.0
2023-Q3,조국혁신당,정부혁신·행정지원,0,0,0,0,0.0,0.0
2023-Q3,조국혁신당,지방재정·기타,0,0,0,0,0.0,0.0
2023-Q3,조국혁신당,지방행정,0,0,0,0,0.0,0.0
2023-Q3,진보당,인공지능·디지털 정부,0,0,0,0,0.0,0.0
2023-Q3,진보당,재난·안전,0,0,0,0,0.0,0.0
2023-Q3,진보당,정부혁신·행정지원,0,0,0,0,0.0,0.0
2023-Q3,진보당,지방재정·기타,0,0,0,0,0.0,0.0
2023-Q3,진보당,지방행정,0,0,0,0,0.0,0.0
2023-Q4,국민의당,인공지능·디지털 정부,0,0,0,0,0.0,0.0
2023-Q4,국민의당,재난·안전,0,0,0,0,0.0,0.0
2023-Q4,국민의당,정부혁신·행정지원,0,0,0,0,0.0,0.0
2023-Q4,국민의당,지방재정·기타,0,0,0,0,0.0,0.0
2023-Q4,국민의당,지방행정,0,0,0,0,0.0,0.0
2023-Q4,국민의힘,인공지능·디지털 정부,0,0,0,0,0.0,0.0
2023-Q4,국민의힘,재난·안전,0,0,0,0,0.0,0.0
2023-Q4,국민의힘,정부혁신·행정지원,0,0,0,0,0.0,0.0
2023-Q4,국민의힘,지방재정·기타,0,0,0,0,0.0,0.0
2023-Q4,국민의힘,지방행정,0,0,0,0,0.0,0.0
2023-Q4,기본소득당,인공지능·디지털 정부,0,0,0,0,0.0,0.0
2023-Q4,기본소득당,재난·안전,0,0,0,0,0.0,0.0
2023-Q4,기본소득당,정부혁신·행정지원,0,0,0,0,0.0,0.0
2023-Q4,기본소득당,지방재정·기타,0,0,0,0,0.0,0.0
2023-Q4,기본소득당,지방행정,0,0,0,0,0.0,0.0
2023-Q4,더불어민주당,인공지능·디지털 정부,1,2,8,3283978,0.125,0.00609
2023-Q4,더불어민주당,재난·안전,4,2750,8,3283978,0.5,8.37399
2023-Q4,더불어민주당,정부혁신·행정지원,8,1806,8,3283978,1.0,5.499428
2023-Q4,더불어민주당,지방재정·기타,4,3162,8,3283978,0.5,9.628566
2023-Q4,더불어민주당,지방행정,5,927,8,3283978,0.625,2.822796
2023-Q4,미래통합당,인공지능·디지털 정부,0,0,5,878146,0.0,0.0
2023-Q4,미래통합당,재난·안전,3,639,5,878146,0.6,7.276694
2023-Q4,미래통합당,정부혁신·행정지원,5,515,5,878146,1.0,5.864628
2023-Q4,미래통합당,지방재정·기타,3,108,5,878146,0.6,1.229864
2023-Q4,미래통합당,지방행정,3,248,5,878146,0.6,2.824132
2023-Q4,미분류,인공지능·디지털 정부,0,0,5,850714,0.0,0.0
2023-Q4,미분류,재난·안전,3,2123,5,850714,0.6,24.955508
2023-Q4,미분류,정부혁신·행정지원,5,1719,5,850714,1.0,20.206556
2023-Q4,미분류,지방재정·기타,3,422,5,850714,0.6,4.960539
2023-Q4,미분류,지방행정,3,824,5,850714,0.6,9.685981
2023-Q4,새누리당,인공지능·디지털 정부,0,0,0,0,0.0,0.0
2023-Q4,새누리당,재난·안전,0,0,0,0,0.0,0.0
2023-Q4,새누리당,정부혁신·행정지원,0,0,0,0,0.0,0.0
2023-Q4,새누리당,지방재정·기타,0,0,0,0,0.0,0.0
2023-Q4,새누리당,지방행정,0,0,0,0,0.0,0.0
2023-Q4,새로운미래,인공지능·디지털 정부,0,0,0,0,0.0,0.0
2023-Q4,새로운미래,재난·안전,0,0,0,0,0.0,0.0
2023-Q4,새로운미래,정부혁신·행정지원,0,0,0,0,0.0,0.0
2023-Q4,새로운미래,지방재정·기타,0,0,0,0,0.0,0.0
2023-Q4,새로운미래,지방행정,0,0,0,0,0.0,0.0
2023-Q4,열린민주당,인공지능·디지털 정부,0,0,0,0,0.0,0.0
2023-Q4,열린민주당,재난·안전,0,0,0,0,0.0,0.0
2023-Q4,열린민주당,정부혁신·행정지원,0,0,0,0,0.0,0.0
2023-Q4,열린민주당,지방재정·기타,0,0,0,0,0.0,0.0
2023-Q4,열린민주당,지방행정,0,0,0,0,0.0,0.0
2023-Q4,정의당,인공지능·디지털 정부,0,0,0,0,0.0,0.0
2023-Q4,정의당,재난·안전,0,0,0,0,0.0,0.0
2023-Q4,정의당,정부혁신·행정지원,0,0,0,0,0.0,0.0
2023-Q4,정의당,지방재정·기타,0,0,0,0,0.0,0.0
2023-Q4,정의당,지방행정,0,0,0,0,0.0,0.0
2023-Q4,조국혁신당,인공지능·디지털 정부,0,0,0,0,0.0,0.0
2023-Q4,조국혁신당,재난·안전,0,0,0,0,0.0,0.0
2023-Q4,조국혁신당,정부혁신·행정지원,0,0,0,0,0.0,0.0
2023-Q4,조국혁신당,지방재정·기타,0,0,0,0,0.0,0.0
2023-Q4,조국혁신당,지방행정,0,0,0,0,0.0,0.0
2023-Q4,진보당,인공지능·디지털 정부,0,0,0,0,0.0,0.0
2023-Q4,진보당,재난·안전,0,0,0,0,0.0,0.0
2023-Q4,진보당,정부혁신·행정지원,0,0,0,0,0.0,0.0
2023-Q4,진보당,지방재정·기타,0,0,0,0,0.0,0.0
2023-Q4,진보당,지방행정,0,0,0,0,0.0,0.0
2024-Q1,국민의당,인공지능·디지털 정부,0,0,0,0,0.0,0.0
2024-Q1,국민의당,재난·안전,0,0,0,0,0.0,0.0
2024-Q1,국민의당,정부혁신·행정지원,0,0,0,0,0.0,0.0
2024-Q1,국민의당,지방재정·기타,0,0,0,0,0.0,0.0
2024-Q1,국민의당,지방행정,0,0,0,0,0.0,0.0
2024-Q1,국민의힘,인공지능·디지털 정부,0,0,0,0,0.0,0.0
2024-Q1,국민의힘,재난·안전,0,0,0,0,0.0,0.0
2024-Q1,국민의힘,정부혁신·행정지원,0,0,0,0,0.0,0.0
2024-Q1,국민의힘,지방재정·기타,0,0,0,0,0.0,0.0
2024-Q1,국민의힘,지방행정,0,0,0,0,0.0,0.0
2024-Q1,기본소득당,인공지능·디지털 정부,0,0,0,0,0.0,0.0
2024-Q1,기본소득당,재난·안전,0,0,0,0,0.0,0.0
2024-Q1,기본소득당,정부혁신·행정지원,0,0,0,0,0.0,0.0
2024-Q1,기본소득당,지방재정·기타,0,0,0,0,0.0,0.0
2024-Q1,기본소득당,지방행정,0,0,0,0,0.0,0.0
2024-Q1,더불어민주당,인공지능·디지털 정부,0,0,4,58669,0.0,0.0
2024-Q1,더불어민주당,재난·안전,1,8,4,58669,0.25,1.363582
2024-Q1,더불어민주당,정부혁신·행정지원,3,393,4,58669,0.75,66.985972
2024-Q1,더불어민주당,지방재정·기타,0,0,4,58669,0.0,0.0
2024-Q1,더불어민주당,지방행정,0,0,4,58669,0.0,0.0
2024-Q1,미래통합당,인공지능·디지털 정부,0,0,3,7019,0.0,0.0
2024-Q1,미래통합당,재난·안전,1,1,3,7019,0.333333,1.424704
2024-Q1,미래통합당,정부혁신·행정지원,2,15,3,7019,0.666667,21.370566
2024-Q1,미래통합당,지방재정·기타,0,0,3,7019,0.0,0.0
2024-Q1,미래통합당,지방행정,0,0,3,7019,0.0,0.0
2024-Q1,미분류,인공지능·디지털 정부,0,0,3,56138,0.0,0.0
2024-Q1,미분류,재난·안전,0,0,3,56138,0.0,0.0
2024-Q1,미분류,정부혁신·행정지원,3,715,3,56138,1.0,127.364708
2024-Q1,미분류,지방재정·기타,0,0,3,56138,0.0,0.0
2024-Q1,미분류,지방행정,0,0,3,56138,0.0,0.0
2024-Q1,새누리당,인공지능·디지털 정부,0,0,0,0,0.0,0.0
2024-Q1,새누리당,재난·안전,0,0,0,0,0.0,0.0
2024-Q1,새누리당,정부혁신·행정지원,0,0,0,0,0.0,0.0
2024-Q1,새누리당,지방재정·기타,0,0,0,0,0.0,0.0
2024-Q1,새누리당,지방행정,0,0,0,0,0.0,0.0
2024-Q1,새로운미래,인공지능·디지털 정부,0,0,0,0,0.0,0.0
2024-Q1,새로운미래,재난·안전,0,0,0,0,0.0,0.0
2024-Q1,새로운미래,정부혁신·행정지원,0,0,0,0,0.0,0.0
2024-Q1,새로운미래,지방재정·기타,0,0,0,0,0.0,0.0
2024-Q1,새로운미래,지방행정,0,0,0,0,0.0,0.0
2024-Q1,열린민주당,인공지능·디지털 정부,0,0,0,0,0.0,0.0
2024-Q1,열린민주당,재난·안전,0,0,0,0,0.0,0.0
2024-Q1,열린민주당,정부혁신·행정지원,0,0,0,0,0.0,0.0
2024-Q1,열린민주당,지방재정·기타,0,0,0,0,0.0,0.0
2024-Q1,열린민주당,지방행정,0,0,0,0,0.0,0.0
2024-Q1,정의당,인공지능·디지털 정부,0,0,0,0,0.0,0.0
2024-Q1,정의당,재난·안전,0,0,0,0,0.0,0.0
2024-Q1,정의당,정부혁신·행정지원,0,0,0,0,0.0,0.0
2024-Q1,정의당,지방재정·기타,0,0,0,0,0.0,0.0
2024-Q1,정의당,지방행정,0,0,0,0,0.0,0.0
2024-Q1,조국혁신당,인공지능·디지털 정부,0,0,0,0,0.0,0.0
2024-Q1,조국혁신당,재난·안전,0,0,0,0,0.0,0.0
2024-Q1,조국혁신당,정부혁신·행정지원,0,0,0,0,0.0,0.0
2024-Q1,조국혁신당,지방재정·기타,0,0,0,0,0.0,0.0
2024-Q1,조국혁신당,지방행정,0,0,0,0,0.0,0.0
2024-Q1,진보당,인공지능·디지털 정부,0,0,0,0,0.0,0.0
2024-Q1,진보당,재난·안전,0,0,0,0,0.0,0.0
2024-Q1,진보당,정부혁신·행정지원,0,0,0,0,0.0,0.0
2024-Q1,진보당,지방재정·기타,0,0,0,0,0.0,0.0
2024-Q1,진보당,지방행정,0,0,0,0,0.0,0.0
2024-Q2,국민의당,인공지능·디지털 정부,0,0,0,0,0.0,0.0
2024-Q2,국민의당,재난·안전,0,0,0,0,0.0,0.0
2024-Q2,국민의당,정부혁신·행정지원,0,0,0,0,0.0,0.0
2024-Q2,국민의당,지방재정·기타,0,0,0,0,0.0,0.0
2024-Q2,국민의당,지방행정,0,0,0,0,0.0,0.0
2024-Q2,국민의힘,인공지능·디지털 정부,0,0,0,0,0.0,0.0
2024-Q2,국민의힘,재난·안전,0,0,0,0,0.0,0.0
2024-Q2,국민의힘,정부혁신·행정지원,0,0,0,0,0.0,0.0
2024-Q2,국민의힘,지방재정·기타,0,0,0,0,0.0,0.0
2024-Q2,국민의힘,지방행정,0,0,0,0,0.0,0.0
2024-Q2,기본소득당,인공지능·디지털 정부,0,0,1,3490,0.0,0.0
2024-Q2,기본소득당,재난·안전,0,0,1,3490,0.0,0.0
2024-Q2,기본소득당,정부혁신·행정지원,1,9,1,3490,1.0,25.787966
2024-Q2,기본소득당,지방재정·기타,0,0,1,3490,0.0,0.0
2024-Q2,기본소득당,지방행정,0,0,1,3490,0.0,0.0
2024-Q2,더불어민주당,인공지능·디지털 정부,0,0,3,76326,0.0,0.0
2024-Q2,더불어민주당,재난·안전,0,0,3,76326,0.0,0.0
2024-Q2,더불어민주당,정부혁신·행정지원,3,544,3,76326,1.0,71.273223
2024-Q2,더불어민주당,지방재정·기타,0,0,3,76326,0.0,0.0
2024-Q2,더불어민주당,지방행정,0,0,3,76326,0.0,0.0
2024-Q2,미래통합당,인공지능·디지털 정부,0,0,0,0,0.0,0.0
2024-Q2,미래통합당,재난·안전,0,0,0,0,0.0,0.0
2024-Q2,미래통합당,정부혁신·행정지원,0,0,0,0,0.0,0.0
2024-Q2,미래통합당,지방재정·기타,0,0,0,0,0.0,0.0
2024-Q2,미래통합당,지방행정,0,0,0,0,0.0,0.0
2024-Q2,미분류,인공지능·디지털 정부,0,0,2,39763,0.0,0.0
2024-Q2,미분류,재난·안전,0,0,2,39763,0.0,0.0
2024-Q2,미분류,정부혁신·행정지원,2,452,2,39763,1.0,113.673516
2024-Q2,미분류,지방재정·기타,0,0,2,39763,0.0,0.0
2024-Q2,미분류,지방행정,0,0,2,39763,0.0,0.0
2024-Q2,새누리당,인공지능·디지털 정부,0,0,0,0,0.0,0.0
2024-Q2,새누리당,재난·안전,0,0,0,0,0.0,0.0
2024-Q2,새누리당,정부혁신·행정지원,0,0,0,0,0.0,0.0
2024-Q2,새누리당,지방재정·기타,0,0,0,0,0.0,0.0
2024-Q2,새누리당,지방행정,0,0,0,0,0.0,0.0
2024-Q2,새로운미래,인공지능·디지털 정부,0,0,0,0,0.0,0.0
2024-Q2,새로운미래,재난·안전,0,0,0,0,0.0,0.0
2024-Q2,새로운미래,정부혁신·행정지원,0,0,0,0,0.0,0.0
2024-Q2,새로운미래,지방재정·기타,0,0,0,0,0.0,0.0
2024-Q2,새로운미래,지방행정,0,0,0,0,0.0,0.0
2024-Q2,열린민주당,인공지능·디지털 정부,0,0,0,0,0.0,0.0
2024-Q2,열린민주당,재난·안전,0,0,0,0,0.0,0.0
2024-Q2,열린민주당,정부혁신·행정지원,0,0,0,0,0.0,0.0
2024-Q2,열린민주당,지방재정·기타,0,0,0,0,0.0,0.0
2024-Q2,열린민주당,지방행정,0,0,0,0,0.0,0.0
2024-Q2,정의당,인공지능·디지털 정부,0,0,0,0,0.0,0.0
2024-Q2,정의당,재난·안전,0,0,0,0,0.0,0.0
2024-Q2,정의당,정부혁신·행정지원,0,0,0,0,0.0,0.0
2024-Q2,정의당,지방재정·기타,0,0,0,0,0.0,0.0
2024-Q2,정의당,지방행정,0,0,0,0,0.0,0.0
2024-Q2,조국혁신당,인공지능·디지털 정부,0,0,1,6425,0.0,0.0
2024-Q2,조국혁신당,재난·안전,0,0,1,6425,0.0,0.0
2024-Q2,조국혁신당,정부혁신·행정지원,1,57,1,6425,1.0,88.715953
2024-Q2,조국혁신당,지방재정·기타,0,0,1,6425,0.0,0.0
2024-Q2,조국혁신당,지방행정,0,0,1,6425,0.0,0.0
2024-Q2,진보당,인공지능·디지털 정부,0,0,0,0,0.0,0.0
2024-Q2,진보당,재난·안전,0,0,0,0,0.0,0.0
2024-Q2,진보당,정부혁신·행정지원,0,0,0,0,0.0,0.0
2024-Q2,진보당,지방재정·기타,0,0,0,0,0.0,0.0
2024-Q2,진보당,지방행정,0,0,0,0,0.0,0.0
2024-Q3,국민의당,인공지능·디지털 정부,0,0,0,0,0.0,0.0
2024-Q3,국민의당,재난·안전,0,0,0,0,0.0,0.0
2024-Q3,국민의당,정부혁신·행정지원,0,0,0,0,0.0,0.0
2024-Q3,국민의당,지방재정·기타,0,0,0,0,0.0,0.0
2024-Q3,국민의당,지방행정,0,0,0,0,0.0,0.0
2024-Q3,국민의힘,인공지능·디지털 정부,1,16,10,468956,0.1,0.341183
2024-Q3,국민의힘,재난·안전,8,1091,10,468956,0.8,23.264443
2024-Q3,국민의힘,정부혁신·행정지원,5,780,10,468956,0.5,16.63269
2024-Q3,국민의힘,지방재정·기타,1,224,10,468956,0.1,4.776568
2024-Q3,국민의힘,지방행정,2,489,10,468956,0.2,10.427417
2024-Q3,기본소득당,인공지능·디지털 정부,0,0,7,35127,0.0,0.0
2024-Q3,기본소득당,재난·안전,4,209,7,35127,0.571429,59.498392
2024-Q3,기본소득당,정부혁신·행정지원,3,58,7,35127,0.428571,16.511515
2024-Q3,기본소득당,지방재정·기타,0,0,7,35127,0.0,0.0
2024-Q3,기본소득당,지방행정,0,0,7,35127,0.0,0.0
2024-Q3,더불어민주당,인공지능·디지털 정부,1,26,12,1317815,0.083333,0.197296
2024-Q3,더불어민주당,재난·안전,10,3186,12,1317815,0.833333,24.176383
2024-Q3,더불어민주당,정부혁신·행정지원,7,2226,12,1317815,0.583333,16.891597
2024-Q3,더불어민주당,지방재정·기타,1,364,12,1317815,0.083333,2.762148
2024-Q3,더불어민주당,지방행정,2,759,12,1317815,0.166667,5.759534
2024-Q3,미래통합당,인공지능·디지털 정부,0,0,0,0,0.0,0.0
2024-Q3,미래통합당,재난·안전,0,0,0,0,0.0,0.0
2024-Q3,미래통합당,정부혁신·행정지원,0,0,0,0,0.0,0.0
2024-Q3,미래통합당,지방재정·기타,0,0,0,0,0.0,0.0
2024-Q3,미래통합당,지방행정,0,0,0,0,0.0,0.0
2024-Q3,미분류,인공지능·디지털 정부,1,10,10,303633,0.1,0.329345
2024-Q3,미분류,재난·안전,8,2441,10,303633,0.8,80.393106
2024-Q3,미분류,정부혁신·행정지원,5,1762,10,303633,0.5,58.030583
2024-Q3,미분류,지방재정·기타,1,140,10,303633,0.1,4.61083
2024-Q3,미분류,지방행정,2,250,10,303633,0.2,8.233624
2024-Q3,새누리당,인공지능·디지털 정부,0,0,0,0,0.0,0.0
2024-Q3,새누리당,재난·안전,0,0,0,0,0.0,0.0
2024-Q3,새누리당,정부혁신·행정지원,0,0,0,0,0.0,0.0
2024-Q3,새누리당,지방재정·기타,0,0,0,0,0.0,0.0
2024-Q3,새누리당,지방행정,0,0,0,0,0.0,0.0
2024-Q3,새로운미래,인공지능·디지털 정부,0,0,0,0,0.0,0.0
2024-Q3,새로운미래,재난·안전,0,0,0,0,0.0,0.0
2024-Q3,새로운미래,정부혁신·행정지원,0,0,0,0,0.0,0.0
2024-Q3,새로운미래,지방재정·기타,0,0,0,0,0.0,0.0
2024-Q3,새로운미래,지방행정,0,0,0,0,0.0,0.0
2024-Q3,열린민주당,인공지능·디지털 정부,0,0,0,0,0.0,0.0
2024-Q3,열린민주당,재난·안전,0,0,0,0,0.0,0.0
2024-Q3,열린민주당,정부혁신·행정지원,0,0,0,0,0.0,0.0
2024-Q3,열린민주당,지방재정·기타,0,0,0,0,0.0,0.0
2024-Q3,열린민주당,지방행정,0,0,0,0,0.0,0.0
2024-Q3,정의당,인공지능·디지털 정부,0,0,0,0,0.0,0.0
2024-Q3,정의당,재난·안전,0,0,0,0,0.0,0.0
2024-Q3,정의당,정부혁신·행정지원,0,0,0,0,0.0,0.0
2024-Q3,정의당,지방재정·기타,0,0,0,0,0.0,0.0
2024-Q3,정의당,지방행정,0,0,0,0,0.0,0.0
2024-Q3,조국혁신당,인공지능·디지털 정부,1,2,8,270675,0.125,0.073889
2024-Q3,조국혁신당,재난·안전,6,153,8,270675,0.75,5.652535
2024-Q3,조국혁신당,정부혁신·행정지원,3,106,8,270675,0.375,3.916136
2024-Q3,조국혁신당,지방재정·기타,1,28,8,270675,0.125,1.034451
2024-Q3,조국혁신당,지방행정,1,48,8,270675,0.125,1.773344
2024-Q3,진보당,인공지능·디지털 정부,0,0,0,0,0.0,0.0
2024-Q3,진보당,재난·안전,0,0,0,0,0.0,0.0
2024-Q3,진보당,정부혁신·행정지원,0,0,0,0,0.0,0.0
2024-Q3,진보당,지방재정·기타,0,0,0,0,0.0,0.0
2024-Q3,진보당,지방행정,0,0,0,0,0.0,0.0
2024-Q4,국민의당,인공지능·디지털 정부,0,0,0,0,0.0,0.0
2024-Q4,국민의당,재난·안전,0,0,0,0,0.0,0.0
2024-Q4,국민의당,정부혁신·행정지원,0,0,0,0,0.0,0.0
2024-Q4,국민의당,지방재정·기타,0,0,0,0,0.0,0.0
2024-Q4,국민의당,지방행정,0,0,0,0,0.0,0.0
2024-Q4,국민의힘,인공지능·디지털 정부,2,83,10,2777363,0.2,0.298845
2024-Q4,국민의힘,재난·안전,3,857,10,2777363,0.3,3.085661
2024-Q4,국민의힘,정부혁신·행정지원,8,922,10,2777363,0.8,3.319696
2024-Q4,국민의힘,지방재정·기타,5,8473,10,2777363,0.5,30.507355
2024-Q4,국민의힘,지방행정,4,715,10,2777363,0.4,2.574384
2024-Q4,기본소득당,인공지능·디지털 정부,0,0,5,46040,0.0,0.0
2024-Q4,기본소득당,재난·안전,1,109,5,46040,0.2,23.675065
2024-Q4,기본소득당,정부혁신·행정지원,3,90,5,46040,0.6,19.548219
2024-Q4,기본소득당,지방재정·기타,2,40,5,46040,0.4,8.688097
2024-Q4,기본소득당,지방행정,1,1,5,46040,0.2,0.217202
2024-Q4,더불어민주당,인공지능·디지털 정부,2,280,12,6489671,0.166667,0.431455
2024-Q4,더불어민주당,재난·안전,4,4100,12,6489671,0.333333,6.317732
2024-Q4,더불어민주당,정부혁신·행정지원,10,2683,12,6489671,0.833333,4.134262
2024-Q4,더불어민주당,지방재정·기타,5,62378,12,6489671,0.416667,96.118894
2024-Q4,더불어민주당,지방행정,4,2784,12,6489671,0.333333,4.289894
2024-Q4,미래통합당,인공지능·디지털 정부,0,0,0,0,0.0,0.0
2024-Q4,미래통합당,재난·안전,0,0,0,0,0.0,0.0
2024-Q4,미래통합당,정부혁신·행정지원,0,0,0,0,0.0,0.0
2024-Q4,미래통합당,지방재정·기타,0,0,0,0,0.0,0.0
2024-Q4,미래통합당,지방행정,0,0,0,0,0.0,0.0
2024-Q4,미분류,인공지능·디지털 정부,1,27,7,11479372,0.142857,0.02352
2024-Q4,미분류,재난·안전,2,1440,7,11479372,0.285714,1.254424
2024-Q4,미분류,정부혁신·행정지원,4,1400,7,11479372,0.571429,1.219579
2024-Q4,미분류,지방재정·기타,5,43673,7,11479372,0.714286,38.044764
2024-Q4,미분류,지방행정,3,798,7,11479372,0.428571,0.69516
2024-Q4,새누리당,인공지능·디지털 정부,0,0,0,0,0.0,0.0
2024-Q4,새누리당,재난·안전,0,0,0,0,0.0,0.0
2024-Q4,새누리당,정부혁신·행정지원,0,0,0,0,0.0,0.0
2024-Q4,새누리당,지방재정·기타,0,0,0,0,0.0,0.0
2024-Q4,새누리당,지방행정,0,0,0,0,0.0,0.0
2024-Q4,새로운미래,인공지능·디지털 정부,0,0,0,0,0.0,0.0
2024-Q4,새로운미래,재난·안전,0,0,0,0,0.0,0.0
2024-Q4,새로운미래,정부혁신·행정지원,0,0,0,0,0.0,0.0
2024-Q4,새로운미래,지방재정·기타,0,0,0,0,0.0,0.0
2024-Q4,새로운미래,지방행정,0,0,0,0,0.0,0.0
2024-Q4,열린민주당,인공지능·디지털 정부,0,0,0,0,0.0,0.0
2024-Q4,열린민주당,재난·안전,0,0,0,0,0.0,0.0
2024-Q4,열린민주당,정부혁신·행정지원,0,0,0,0,0.0,0.0
2024-Q4,열린민주당,지방재정·기타,0,0,0,0,0.0,0.0
2024-Q4,열린민주당,지방행정,0,0,0,0,0.0,0.0
2024-Q4,정의당,인공지능·디지털 정부,0,0,0,0,0.0,0.0
2024-Q4,정의당,재난·안전,0,0,0,0,0.0,0.0
2024-Q4,정의당,정부혁신·행정지원,0,0,0,0,0.0,0.0
2024-Q4,정의당,지방재정·기타,0,0,0,0,0.0,0.0
2024-Q4,정의당,지방행정,0,0,0,0,0.0,0.0
2024-Q4,조국혁신당,인공지능·디지털 정부,1,3,4,83116,0.25,0.360941
2024-Q4,조국혁신당,재난·안전,2,133,4,83116,0.5,16.001733
2024-Q4,조국혁신당,정부혁신·행정지원,3,83,4,83116,0.75,9.986044
2024-Q4,조국혁신당,지방재정·기타,2,26,4,83116,0.5,3.128158
2024-Q4,조국혁신당,지방행정,1,14,4,83116,0.25,1.684393
2024-Q4,진보당,인공지능·디지털 정부,0,0,0,0,0.0,0.0
2024-Q4,진보당,재난·안전,0,0,0,0,0.0,0.0
2024-Q4,진보당,정부혁신·행정지원,0,0,0,0,0.0,0.0
2024-Q4,진보당,지방재정·기타,0,0,0,0,0.0,0.0
2024-Q4,진보당,지방행정,0,0,0,0,0.0,0.0
2025-Q1,국민의당,인공지능·디지털 정부,0,0,0,0,0.0,0.0
2025-Q1,국민의당,재난·안전,0,0,0,0,0.0,0.0
2025-Q1,국민의당,정부혁신·행정지원,0,0,0,0,0.0,0.0
2025-Q1,국민의당,지방재정·기타,0,0,0,0,0.0,0.0
2025-Q1,국민의당,지방행정,0,0,0,0,0.0,0.0
2025-Q1,국민의힘,인공지능·디지털 정부,0,0,4,469154,0.0,0.0
2025-Q1,국민의힘,재난·안전,3,790,4,469154,0.75,16.838821
2025-Q1,국민의힘,정부혁신·행정지원,2,295,4,469154,0.5,6.287914
2025-Q1,국민의힘,지방재정·기타,2,503,4,469154,0.5,10.721426
2025-Q1,국민의힘,지방행정,2,2089,4,469154,0.5,44.526957
2025-Q1,기본소득당,인공지능·디지털 정부,0,0,3,9240,0.0,0.0
2025-Q1,기본소득당,재난·안전,1,22,3,9240,0.333333,23.809524
2025-Q1,기본소득당,정부혁신·행정지원,2,56,3,9240,0.666667,60.606061
2025-Q1,기본소득당,지방재정·기타,0,0,3,9240,0.0,0.0
2025-Q1,기본소득당,지방행정,0,0,3,9240,0.0,0.0
2025-Q1,더불어민주당,인공지능·디지털 정부,0,0,5,978493,0.0,0.0
2025-Q1,더불어민주당,재난·안전,3,2579,5,978493,0.6,26.356857
2025-Q1,더불어민주당,정부혁신·행정지원,3,757,5,978493,0.6,7.736386
2025-Q1,더불어민주당,지방재정·기타,2,1500,5,978493,0.4,15.329696
2025-Q1,더불어민주당,지방행정,2,6420,5,978493,0.4,65.611098
2025-Q1,미래통합당,인공지능·디지털 정부,0,0,0,0,0.0,0.0
2025-Q1,미래통합당,재난·안전,0,0,0,0,0.0,0.0
2025-Q1,미래통합당,정부혁신·행정지원,0,0,0,0,0.0,0.0
2025-Q1,미래통합당,지방재정·기타,0,0,0,0,0.0,0.0
2025-Q1,미래통합당,지방행정,0,0,0,0,0.0,0.0
2025-Q1,미분류,인공지능·디지털 정부,0,0,4,1139361,0.0,0.0
2025-Q1,미분류,재난·안전,3,1683,4,1139361,0.75,14.771438
2025-Q1,미분류,정부혁신·행정지원,2,825,4,1139361,0.5,7.240901
2025-Q1,미분류,지방재정·기타,2,821,4,1139361,0.5,7.205793
2025-Q1,미분류,지방행정,2,3599,4,1139361,0.5,31.587881
2025-Q1,새누리당,인공지능·디지털 정부,0,0,0,0,0.0,0.0
2025-Q1,새누리당,재난·안전,0,0,0,0,0.0,0.0
2025-Q1,새누리당,정부혁신·행정지원,0,0,0,0,0.0,0.0
2025-Q1,새누리당,지방재정·기타,0,0,0,0,0.0,0.0
2025-Q1,새누리당,지방행정,0,0,0,0,0.0,0.0
2025-Q1,새로운미래,인공지능·디지털 정부,0,0,0,0,0.0,0.0
2025-Q1,새로운미래,재난·안전,0,0,0,0,0.0,0.0
2025-Q1,새로운미래,정부혁신·행정지원,0,0,0,0,0.0,0.0
2025-Q1,새로운미래,지방재정·기타,0,0,0,0,0.0,0.0
2025-Q1,새로운미래,지방행정,0,0,0,0,0.0,0.0
2025-Q1,열린민주당,인공지능·디지털 정부,0,0,0,0,0.0,0.0
2025-Q1,열린민주당,재난·안전,0,0,0,0,0.0,0.0
2025-Q1,열린민주당,정부혁신·행정지원,0,0,0,0,0.0,0.0
2025-Q1,열린민주당,지방재정·기타,0,0,0,0,0.0,0.0
2025-Q1,열린민주당,지방행정,0,0,0,0,0.0,0.0
2025-Q1,정의당,인공지능·디지털 정부,0,0,0,0,0.0,0.0
2025-Q1,정의당,재난·안전,0,0,0,0,0.0,0.0
2025-Q1,정의당,정부혁신·행정지원,0,0,0,0,0.0,0.0
2025-Q1,정의당,지방재정·기타,0,0,0,0,0.0,0.0
2025-Q1,정의당,지방행정,0,0,0,0,0.0,0.0
2025-Q1,조국혁신당,인공지능·디지털 정부,0,0,3,27797,0.0,0.0
2025-Q1,조국혁신당,재난·안전,2,103,3,27797,0.666667,37.054358
2025-Q1,조국혁신당,정부혁신·행정지원,1,21,3,27797,0.333333,7.554772
2025-Q1,조국혁신당,지방재정·기타,1,72,3,27797,0.333333,25.902076
2025-Q1,조국혁신당,지방행정,1,288,3,27797,0.333333,103.608303
2025-Q1,진보당,인공지능·디지털 정부,0,0,0,0,0.0,0.0
2025-Q1,진보당,재난·안전,0,0,0,0,0.0,0.0
2025-Q1,진보당,정부혁신·행정지원,0,0,0,0,0.0,0.0
2025-Q1,진보당,지방재정·기타,0,0,0,0,0.0,0.0
2025-Q1,진보당,지방행정,0,0,0,0,0.0,0.0
2025-Q2,국민의당,인공지능·디지털 정부,0,0,0,0,0.0,0.0
2025-Q2,국민의당,재난·안전,0,0,0,0,0.0,0.0
2025-Q2,국민의당,정부혁신·행정지원,0,0,0,0,0.0,0.0
2025-Q2,국민의당,지방재정·기타,0,0,0,0,0.0,0.0
2025-Q2,국민의당,지방행정,0,0,0,0,0.0,0.0
2025-Q2,국민의힘,인공지능·디지털 정부,0,0,1,27629,0.0,0.0
2025-Q2,국민의힘,재난·안전,0,0,1,27629,0.0,0.0
2025-Q2,국민의힘,정부혁신·행정지원,0,0,1,27629,0.0,0.0
2025-Q2,국민의힘,지방재정·기타,1,411,1,27629,1.0,148.756741
2025-Q2,국민의힘,지방행정,0,0,1,27629,0.0,0.0
2025-Q2,기본소득당,인공지능·디지털 정부,0,0,1,10267,0.0,0.0
2025-Q2,기본소득당,재난·안전,1,9,1,10267,1.0,8.765949
2025-Q2,기본소득당,정부혁신·행정지원,0,0,1,10267,0.0,0.0
2025-Q2,기본소득당,지방재정·기타,1,107,1,10267,1.0,104.217396
2025-Q2,기본소득당,지방행정,1,3,1,10267,1.0,2.921983
2025-Q2,더불어민주당,인공지능·디지털 정부,0,0,1,60722,0.0,0.0
2025-Q2,더불어민주당,재난·안전,1,25,1,60722,1.0,4.117124
2025-Q2,더불어민주당,정부혁신·행정지원,0,0,1,60722,0.0,0.0
2025-Q2,더불어민주당,지방재정·기타,1,706,1,60722,1.0,116.26758
2025-Q2,더불어민주당,지방행정,1,3,1,60722,1.0,0.494055
2025-Q2,미래통합당,인공지능·디지털 정부,0,0,0,0,0.0,0.0
2025-Q2,미래통합당,재난·안전,0,0,0,0,0.0,0.0
2025-Q2,미래통합당,정부혁신·행정지원,0,0,0,0,0.0,0.0
2025-Q2,미래통합당,지방재정·기타,0,0,0,0,0.0,0.0
2025-Q2,미래통합당,지방행정,0,0,0,0,0.0,0.0
2025-Q2,미분류,인공지능·디지털 정부,0,0,1,24821,0.0,0.0
2025-Q2,미분류,재난·안전,1,26,1,24821,1.0,10.475001
2025-Q2,미분류,정부혁신·행정지원,0,0,1,24821,0.0,0.0
2025-Q2,미분류,지방재정·기타,1,655,1,24821,1.0,263.889448
2025-Q2,미분류,지방행정,0,0,1,24821,0.0,0.0
2025-Q2,새누리당,인공지능·디지털 정부,0,0,0,0,0.0,0.0
2025-Q2,새누리당,재난·안전,0,0,0,0,0.0,0.0
2025-Q2,새누리당,정부혁신·행정지원,0,0,0,0,0.0,0.0
2025-Q2,새누리당,지방재정·기타,0,0,0,0,0.0,0.0
2025-Q2,새누리당,지방행정,0,0,0,0,0.0,0.0
2025-Q2,새로운미래,인공지능·디지털 정부,0,0,0,0,0.0,0.0
2025-Q2,새로운미래,재난·안전,0,0,0,0,0.0,0.0
2025-Q2,새로운미래,정부혁신·행정지원,0,0,0,0,0.0,0.0
2025-Q2,새로운미래,지방재정·기타,0,0,0,0,0.0,0.0
2025-Q2,새로운미래,지방행정,0,0,0,0,0.0,0.0
2025-Q2,열린민주당,인공지능·디지털 정부,0,0,0,0,0.0,0.0
2025-Q2,열린민주당,재난·안전,0,0,0,0,0.0,0.0
2025-Q2,열린민주당,정부혁신·행정지원,0,0,0,0,0.0,0.0
2025-Q2,열린민주당,지방재정·기타,0,0,0,0,0.0,0.0
2025-Q2,열린민주당,지방행정,0,0,0,0,0.0,0.0
2025-Q2,정의당,인공지능·디지털 정부,0,0,0,0,0.0,0.0
2025-Q2,정의당,재난·안전,0,0,0,0,0.0,0.0
2025-Q2,정의당,정부혁신·행정지원,0,0,0,0,0.0,0.0
2025-Q2,정의당,지방재정·기타,0,0,0,0,0.0,0.0
2025-Q2,정의당,지방행정,0,0,0,0,0.0,0.0
2025-Q2,조국혁신당,인공지능·디지털 정부,0,0,1,2686,0.0,0.0
2025-Q2,조국혁신당,재난·안전,0,0,1,2686,0.0,0.0
2025-Q2,조국혁신당,정부혁신·행정지원,0,0,1,2686,0.0,0.0
2025-Q2,조국혁신당,지방재정·기타,1,34,1,2686,1.0,126.582278
2025-Q2,조국혁신당,지방행정,0,0,1,2686,0.0,0.0
2025-Q2,진보당,인공지능·디지털 정부,0,0,0,0,0.0,0.0
2025-Q2,진보당,재난·안전,0,0,0,0,0.0,0.0
2025-Q2,진보당,정부혁신·행정지원,0,0,0,0,0.0,0.0
2025-Q2,진보당,지방재정·기타,0,0,0,0,0.0,0.0
2025-Q2,진보당,지방행정,0,0,0,0,0.0,0.0
2025-Q3,국민의당,인공지능·디지털 정부,0,0,0,0,0.0,0.0
2025-Q3,국민의당,재난·안전,0,0,0,0,0.0,0.0
2025-Q3,국민의당,정부혁신·행정지원,0,0,0,0,0.0,0.0
2025-Q3,국민의당,지방재정·기타,0,0,0,0,0.0,0.0
2025-Q3,국민의당,지방행정,0,0,0,0,0.0,0.0
2025-Q3,국민의힘,인공지능·디지털 정부,1,9,9,1804552,0.111111,0.049874
2025-Q3,국민의힘,재난·안전,4,598,9,1804552,0.444444,3.313842
2025-Q3,국민의힘,정부혁신·행정지원,8,5826,9,1804552,0.888889,32.285021
2025-Q3,국민의힘,지방재정·기타,5,618,9,1804552,0.555556,3.424673
2025-Q3,국민의힘,지방행정,4,2101,9,1804552,0.444444,11.642779
2025-Q3,기본소득당,인공지능·디지털 정부,0,0,4,28750,0.0,0.0
2025-Q3,기본소득당,재난·안전,1,7,4,28750,0.25,2.434783
2025-Q3,기본소득당,정부혁신·행정지원,4,127,4,28750,1.0,44.173913
2025-Q3,기본소득당,지방재정·기타,1,3,4,28750,0.25,1.043478
2025-Q3,기본소득당,지방행정,1,3,4,28750,0.25,1.043478
2025-Q3,더불어민주당,인공지능·디지털 정부,1,72,11,3251752,0.090909,0.221419
2025-Q3,더불어민주당,재난·안전,5,1631,11,3251752,0.454545,5.015758
2025-Q3,더불어민주당,정부혁신·행정지원,8,13066,11,3251752,0.727273,40.181416
2025-Q3,더불어민주당,지방재정·기타,5,1720,11,3251752,0.454545,5.289456
2025-Q3,더불어민주당,지방행정,6,5505,11,3251752,0.545455,16.929335
2025-Q3,미래통합당,인공지능·디지털 정부,0,0,0,0,0.0,0.0
2025-Q3,미래통합당,재난·안전,0,0,0,0,0.0,0.0
2025-Q3,미래통합당,정부혁신·행정지원,0,0,0,0,0.0,0.0
2025-Q3,미래통합당,지방재정·기타,0,0,0,0,0.0,0.0
2025-Q3,미래통합당,지방행정,0,0,0,0,0.0,0.0
2025-Q3,미분류,인공지능·디지털 정부,0,0,7,2026652,0.0,0.0
2025-Q3,미분류,재난·안전,3,480,7,2026652,0.428571,2.368438
2025-Q3,미분류,정부혁신·행정지원,5,3257,7,2026652,0.714286,16.07084
2025-Q3,미분류,지방재정·기타,4,438,7,2026652,0.571429,2.1612
2025-Q3,미분류,지방행정,3,3366,7,2026652,0.428571,16.608673
2025-Q3,새누리당,인공지능·디지털 정부,0,0,0,0,0.0,0.0
2025-Q3,새누리당,재난·안전,0,0,0,0,0.0,0.0
2025-Q3,새누리당,정부혁신·행정지원,0,0,0,0,0.0,0.0
2025-Q3,새누리당,지방재정·기타,0,0,0,0,0.0,0.0
2025-Q3,새누리당,지방행정,0,0,0,0,0.0,0.0
2025-Q3,새로운미래,인공지능·디지털 정부,0,0,0,0,0.0,0.0
2025-Q3,새로운미래,재난·안전,0,0,0,0,0.0,0.0
2025-Q3,새로운미래,정부혁신·행정지원,0,0,0,0,0.0,0.0
2025-Q3,새로운미래,지방재정·기타,0,0,0,0,0.0,0.0
2025-Q3,새로운미래,지방행정,0,0,0,0,0.0,0.0
2025-Q3,열린민주당,인공지능·디지털 정부,0,0,0,0,0.0,0.0
2025-Q3,열린민주당,재난·안전,0,0,0,0,0.0,0.0
2025-Q3,열린민주당,정부혁신·행정지원,0,0,0,0,0.0,0.0
2025-Q3,열린민주당,지방재정·기타,0,0,0,0,0.0,0.0
2025-Q3,열린민주당,지방행정,0,0,0,0,0.0,0.0
2025-Q3,정의당,인공지능·디지털 정부,0,0,0,0,0.0,0.0
2025-Q3,정의당,재난·안전,0,0,0,0,0.0,0.0
2025-Q3,정의당,정부혁신·행정지원,0,0,0,0,0.0,0.0
2025-Q3,정의당,지방재정·기타,0,0,0,0,0.0,0.0
2025-Q3,정의당,지방행정,0,0,0,0,0.0,0.0
2025-Q3,조국혁신당,인공지능·디지털 정부,1,18,6,1005579,0.166667,0.179001
2025-Q3,조국혁신당,재난·안전,3,230,6,1005579,0.5,2.287239
2025-Q3,조국혁신당,정부혁신·행정지원,6,682,6,1005579,1.0,6.782162
2025-Q3,조국혁신당,지방재정·기타,4,187,6,1005579,0.666667,1.859625
2025-Q3,조국혁신당,지방행정,3,607,6,1005579,0.5,6.036323
2025-Q3,진보당,인공지능·디지털 정부,0,0,0,0,0.0,0.0
2025-Q3,진보당,재난·안전,0,0,0,0,0.0,0.0
2025-Q3,진보당,정부혁신·행정지원,0,0,0,0,0.0,0.0
2025-Q3,진보당,지방재정·기타,0,0,0,0,0.0,0.0
2025-Q3,진보당,지방행정,0,0,0,0,0.0,0.0
2025-Q4,국민의당,인공지능·디지털 정부,0,0,0,0,0.0,0.0
2025-Q4,국민의당,재난·안전,0,0,0,0,0.0,0.0
2025-Q4,국민의당,정부혁신·행정지원,0,0,0,0,0.0,0.0
2025-Q4,국민의당,지방재정·기타,0,0,0,0,0.0,0.0
2025-Q4,국민의당,지방행정,0,0,0,0,0.0,0.0
2025-Q4,국민의힘,인공지능·디지털 정부,1,49,7,3161813,0.142857,0.154974
2025-Q4,국민의힘,재난·안전,2,401,7,3161813,0.285714,1.26826
2025-Q4,국민의힘,정부혁신·행정지원,4,309,7,3161813,0.571429,0.977287
2025-Q4,국민의힘,지방재정·기타,5,26510,7,3161813,0.714286,83.844301
2025-Q4,국민의힘,지방행정,2,819,7,3161813,0.285714,2.590286
2025-Q4,기본소득당,인공지능·디지털 정부,2,60,3,684880,0.666667,0.876066
2025-Q4,기본소득당,재난·안전,2,264,3,684880,0.666667,3.85469
2025-Q4,기본소득당,정부혁신·행정지원,3,278,3,684880,1.0,4.059105
2025-Q4,기본소득당,지방재정·기타,2,67,3,684880,0.666667,0.978274
2025-Q4,기본소득당,지방행정,2,341,3,684880,0.666667,4.978974
2025-Q4,더불어민주당,인공지능·디지털 정부,2,252,10,8550642,0.2,0.294715
2025-Q4,더불어민주당,재난·안전,3,1830,10,8550642,0.3,2.14019
2025-Q4,더불어민주당,정부혁신·행정지원,9,1182,10,8550642,0.9,1.382352
2025-Q4,더불어민주당,지방재정·기타,5,101245,10,8550642,0.5,118.406314
2025-Q4,더불어민주당,지방행정,3,2457,10,8550642,0.3,2.873468
2025-Q4,미래통합당,인공지능·디지털 정부,0,0,0,0,0.0,0.0
2025-Q4,미래통합당,재난·안전,0,0,0,0,0.0,0.0
2025-Q4,미래통합당,정부혁신·행정지원,0,0,0,0,0.0,0.0
2025-Q4,미래통합당,지방재정·기타,0,0,0,0,0.0,0.0
2025-Q4,미래통합당,지방행정,0,0,0,0,0.0,0.0
2025-Q4,미분류,인공지능·디지털 정부,1,49,7,18968358,0.142857,0.025832
2025-Q4,미분류,재난·안전,2,475,7,18968358,0.285714,0.250417
2025-Q4,미분류,정부혁신·행정지원,4,248,7,18968358,0.571429,0.130744
2025-Q4,미분류,지방재정·기타,5,138194,7,18968358,0.714286,72.855015
2025-Q4,미분류,지방행정,2,1332,7,18968358,0.285714,0.702222
2025-Q4,새누리당,인공지능·디지털 정부,0,0,0,0,0.0,0.0
2025-Q4,새누리당,재난·안전,0,0,0,0,0.0,0.0
2025-Q4,새누리당,정부혁신·행정지원,0,0,0,0,0.0,0.0
2025-Q4,새누리당,지방재정·기타,0,0,0,0,0.0,0.0
2025-Q4,새누리당,지방행정,0,0,0,0,0.0,0.0
2025-Q4,새로운미래,인공지능·디지털 정부,0,0,0,0,0.0,0.0
2025-Q4,새로운미래,재난·안전,0,0,0,0,0.0,0.0
2025-Q4,새로운미래,정부혁신·행정지원,0,0,0,0,0.0,0.0
2025-Q4,새로운미래,지방재정·기타,0,0,0,0,0.0,0.0
2025-Q4,새로운미래,지방행정,0,0,0,0,0.0,0.0
2025-Q4,열린민주당,인공지능·디지털 정부,0,0,0,0,0.0,0.0
2025-Q4,열린민주당,재난·안전,0,0,0,0,0.0,0.0
2025-Q4,열린민주당,정부혁신·행정지원,0,0,0,0,0.0,0.0
2025-Q4,열린민주당,지방재정·기타,0,0,0,0,0.0,0.0
2025-Q4,열린민주당,지방행정,0,0,0,0,0.0,0.0
2025-Q4,정의당,인공지능·디지털 정부,0,0,0,0,0.0,0.0
2025-Q4,정의당,재난·안전,0,0,0,0,0.0,0.0
2025-Q4,정의당,정부혁신·행정지원,0,0,0,0,0.0,0.0
2025-Q4,정의당,지방재정·기타,0,0,0,0,0.0,0.0
2025-Q4,정의당,지방행정,0,0,0,0,0.0,0.0
2025-Q4,조국혁신당,인공지능·디지털 정부,2,15,5,535079,0.4,0.280332
2025-Q4,조국혁신당,재난·안전,3,137,5,535079,0.6,2.56037
2025-Q4,조국혁신당,정부혁신·행정지원,3,55,5,535079,0.6,1.027886
2025-Q4,조국혁신당,지방재정·기타,3,2243,5,535079,0.6,41.919044
2025-Q4,조국혁신당,지방행정,3,141,5,535079,0.6,2.635125
2025-Q4,진보당,인공지능·디지털 정부,1,4,1,219450,1.0,0.182274
2025-Q4,진보당,재난·안전,1,48,1,219450,1.0,2.187286
2025-Q4,진보당,정부혁신·행정지원,1,11,1,219450,1.0,0.501253
2025-Q4,진보당,지방재정·기타,1,13,1,219450,1.0,0.59239
2025-Q4,진보당,지방행정,1,29,1,219450,1.0,1.321486
2026-Q1,국민의당,인공지능·디지털 정부,0,0,0,0,0.0,0.0
2026-Q1,국민의당,재난·안전,0,0,0,0,0.0,0.0
2026-Q1,국민의당,정부혁신·행정지원,0,0,0,0,0.0,0.0
2026-Q1,국민의당,지방재정·기타,0,0,0,0,0.0,0.0
2026-Q1,국민의당,지방행정,0,0,0,0,0.0,0.0
2026-Q1,국민의힘,인공지능·디지털 정부,0,0,2,37508,0.0,0.0
2026-Q1,국민의힘,재난·안전,0,0,2,37508,0.0,0.0
2026-Q1,국민의힘,정부혁신·행정지원,1,185,2,37508,0.5,49.322811
2026-Q1,국민의힘,지방재정·기타,0,0,2,37508,0.0,0.0
2026-Q1,국민의힘,지방행정,1,132,2,37508,0.5,35.192492
2026-Q1,기본소득당,인공지능·디지털 정부,0,0,2,6243,0.0,0.0
2026-Q1,기본소득당,재난·안전,0,0,2,6243,0.0,0.0
2026-Q1,기본소득당,정부혁신·행정지원,1,13,2,6243,0.5,20.823322
2026-Q1,기본소득당,지방재정·기타,0,0,2,6243,0.0,0.0
2026-Q1,기본소득당,지방행정,1,3,2,6243,0.5,4.805382
2026-Q1,더불어민주당,인공지능·디지털 정부,1,57,2,1015164,0.5,0.561486
2026-Q1,더불어민주당,재난·안전,1,1368,2,1015164,0.5,13.475655
2026-Q1,더불어민주당,정부혁신·행정지원,1,1417,2,1015164,0.5,13.958336
2026-Q1,더불어민주당,지방재정·기타,1,266,2,1015164,0.5,2.620266
2026-Q1,더불어민주당,지방행정,2,1090,2,1015164,1.0,10.737181
2026-Q1,미래통합당,인공지능·디지털 정부,0,0,0,0,0.0,0.0
2026-Q1,미래통합당,재난·안전,0,0,0,0,0.0,0.0
2026-Q1,미래통합당,정부혁신·행정지원,0,0,0,0,0.0,0.0
2026-Q1,미래통합당,지방재정·기타,0,0,0,0,0.0,0.0
2026-Q1,미래통합당,지방행정,0,0,0,0,0.0,0.0
2026-Q1,미분류,인공지능·디지털 정부,1,9,2,1438869,0.5,0.062549
2026-Q1,미분류,재난·안전,1,216,2,1438869,0.5,1.501179
2026-Q1,미분류,정부혁신·행정지원,1,241,2,1438869,0.5,1.674927
2026-Q1,미분류,지방재정·기타,1,42,2,1438869,0.5,0.291896
2026-Q1,미분류,지방행정,2,366,2,1438869,1.0,2.543665
2026-Q1,새누리당,인공지능·디지털 정부,0,0,0,0,0.0,0.0
2026-Q1,새누리당,재난·안전,0,0,0,0,0.0,0.0
2026-Q1,새누리당,정부혁신·행정지원,0,0,0,0,0.0,0.0
2026-Q1,새누리당,지방재정·기타,0,0,0,0,0.0,0.0
2026-Q1,새누리당,지방행정,0,0,0,0,0.0,0.0
2026-Q1,새로운미래,인공지능·디지털 정부,1,3,1,195592,1.0,0.153381
2026-Q1,새로운미래,재난·안전,1,72,1,195592,1.0,3.681132
2026-Q1,새로운미래,정부혁신·행정지원,1,46,1,195592,1.0,2.351834
2026-Q1,새로운미래,지방재정·기타,1,14,1,195592,1.0,0.715776
2026-Q1,새로운미래,지방행정,1,49,1,195592,1.0,2.505215
2026-Q1,열린민주당,인공지능·디지털 정부,0,0,0,0,0.0,0.0
2026-Q1,열린민주당,재난·안전,0,0,0,0,0.0,0.0
2026-Q1,열린민주당,정부혁신·행정지원,0,0,0,0,0.0,0.0
2026-Q1,열린민주당,지방재정·기타,0,0,0,0,0.0,0.0
2026-Q1,열린민주당,지방행정,0,0,0,0,0.0,0.0
2026-Q1,정의당,인공지능·디지털 정부,0,0,0,0,0.0,0.0
2026-Q1,정의당,재난·안전,0,0,0,0,0.0,0.0
2026-Q1,정의당,정부혁신·행정지원,0,0,0,0,0.0,0.0
2026-Q1,정의당,지방재정·기타,0,0,0,0,0.0,0.0
2026-Q1,정의당,지방행정,0,0,0,0,0.0,0.0
2026-Q1,조국혁신당,인공지능·디지털 정부,1,15,2,388602,0.5,0.385999
2026-Q1,조국혁신당,재난·안전,1,360,2,388602,0.5,9.263977
2026-Q1,조국혁신당,정부혁신·행정지원,1,242,2,388602,0.5,6.227451
2026-Q1,조국혁신당,지방재정·기타,1,70,2,388602,0.5,1.801329
2026-Q1,조국혁신당,지방행정,2,248,2,388602,1.0,6.381851
2026-Q1,진보당,인공지능·디지털 정부,1,3,1,317216,1.0,0.094573
2026-Q1,진보당,재난·안전,1,72,1,317216,1.0,2.269747
2026-Q1,진보당,정부혁신·행정지원,1,46,1,317216,1.0,1.450116
2026-Q1,진보당,지방재정·기타,1,14,1,317216,1.0,0.44134
2026-Q1,진보당,지방행정,1,49,1,317216,1.0,1.544689
